CustomerID,Recency,Frequency,Monetary,segment
CUST_0001,29,4,7109.45,0
CUST_0002,516,3,24058.55,0
CUST_0003,40,6,42862.54,1
CUST_0004,252,3,16826.78,0
CUST_0005,287,1,465.78,0
CUST_0006,273,1,2225.7,0
CUST_0007,35,7,41639.46,1
CUST_0008,16,7,43903.9,1
CUST_0009,49,7,48661.990000000005,1
CUST_0010,96,6,46584.11,1
CUST_0011,207,2,5915.26,0
CUST_0012,211,5,17176.0,1
CUST_0013,82,8,61063.66,1
CUST_0014,97,7,39523.68,1
CUST_0016,160,7,99978.39,1
CUST_0017,204,6,20198.76,1
CUST_0018,161,3,11410.739999999998,0
CUST_0019,5,6,43870.2,1
CUST_0020,108,3,26679.04,0
CUST_0021,211,5,15082.160000000002,1
CUST_0022,41,4,33650.68,1
CUST_0023,74,3,22610.16,0
CUST_0024,306,1,2724.12,0
CUST_0025,63,6,34204.28,1
CUST_0026,126,5,32209.9,1
CUST_0027,155,4,31569.65,1
CUST_0028,17,6,21818.78,1
CUST_0029,9,9,68584.53,1
CUST_0030,343,2,14008.62,0
CUST_0031,202,4,34000.01,1
CUST_0032,70,3,37699.79,1
CUST_0033,43,2,5020.4400000000005,0
CUST_0034,26,5,36868.21,1
CUST_0035,26,5,42674.45,1
CUST_0036,134,3,12163.669999999998,0
CUST_0037,94,2,26022.16,0
CUST_0038,165,4,25389.620000000003,1
CUST_0039,69,8,95703.79,1
CUST_0040,429,2,14408.080000000002,0
CUST_0041,574,1,214.58,0
CUST_0042,16,4,776.76,0
CUST_0043,346,1,542.64,0
CUST_0044,19,3,25766.78,0
CUST_0045,353,2,1327.56,0
CUST_0046,56,4,6300.4,0
CUST_0047,20,6,21269.14,1
CUST_0048,139,8,47698.34,1
CUST_0049,209,4,19968.76,1
CUST_0050,33,1,21234.84,0
CUST_0051,66,8,36506.380000000005,1
CUST_0052,355,2,23589.18,0
CUST_0053,125,8,44593.88,1
CUST_0054,1,3,25475.16,0
CUST_0055,212,5,27539.49,1
CUST_0056,82,6,37858.63,1
CUST_0057,349,4,31000.79,0
CUST_0058,34,8,35115.58,1
CUST_0059,202,3,8851.3,0
CUST_0060,94,2,10509.18,0
CUST_0061,116,4,12368.65,1
CUST_0062,229,4,46317.5,1
CUST_0063,327,3,28922.07,0
CUST_0064,164,4,7070.070000000001,1
CUST_0066,72,9,93356.36,1
CUST_0067,62,5,23205.91,1
CUST_0068,225,4,58031.72,1
CUST_0069,67,6,59161.34,1
CUST_0070,188,4,32860.05,1
CUST_0071,15,2,7371.51,0
CUST_0072,286,6,46639.39,1
CUST_0073,18,7,37556.59,1
CUST_0074,94,7,57534.36,1
CUST_0075,477,2,5126.28,0
CUST_0076,20,8,29755.36,1
CUST_0077,41,8,46311.99,1
CUST_0078,163,6,36531.6,1
CUST_0079,146,3,34411.86,0
CUST_0080,275,1,3408.4,0
CUST_0081,46,5,33252.94,1
CUST_0082,114,2,38892.72,1
CUST_0083,273,4,25679.35,1
CUST_0084,72,4,5608.75,0
CUST_0085,23,3,9149.06,0
CUST_0086,54,4,24767.86,1
CUST_0087,43,3,11883.45,0
CUST_0088,18,2,6815.24,0
CUST_0089,30,7,59632.0,1
CUST_0090,33,5,31070.45,1
CUST_0091,17,4,37670.73,1
CUST_0092,363,5,21328.19,0
CUST_0093,43,3,29180.89,0
CUST_0094,317,2,40640.08,0
CUST_0095,62,8,34720.22,1
CUST_0096,18,7,60279.98,1
CUST_0097,183,3,37484.16,0
CUST_0098,67,4,13237.68,0
CUST_0100,115,6,52390.77,1
CUST_0101,29,6,48532.65,1
CUST_0103,691,1,11475.5,0
CUST_0104,51,5,42458.97,1
CUST_0105,265,5,24700.7,1
CUST_0106,76,4,36871.57,1
CUST_0107,71,4,39037.55,1
CUST_0108,21,3,12100.02,0
CUST_0110,186,1,2022.5,0
CUST_0111,39,6,37280.630000000005,1
CUST_0112,8,7,67192.55,1
CUST_0113,306,2,18290.46,0
CUST_0114,223,3,19320.65,0
CUST_0115,162,4,23914.13,1
CUST_0116,65,2,3387.48,0
CUST_0117,19,5,36735.58,1
CUST_0118,249,3,3500.55,0
CUST_0119,201,4,28585.92,1
CUST_0120,79,2,16077.02,0
CUST_0121,318,2,1809.84,0
CUST_0122,252,6,70269.81,1
CUST_0123,75,6,53263.990000000005,1
CUST_0124,227,3,30903.63,1
CUST_0125,275,4,13625.25,0
CUST_0126,237,3,42921.55,1
CUST_0127,19,4,16280.27,0
CUST_0128,358,5,42883.27,1
CUST_0129,83,5,25142.550000000003,1
CUST_0130,44,6,47180.740000000005,1
CUST_0131,246,2,7615.08,0
CUST_0132,96,5,32091.39,1
CUST_0133,534,3,33230.55,0
CUST_0134,19,5,53268.83,1
CUST_0135,34,5,21795.64,1
CUST_0136,24,7,55901.82,1
CUST_0137,119,5,47543.12,1
CUST_0138,15,4,13237.16,0
CUST_0139,94,4,26316.77,1
CUST_0140,116,1,7590.4,0
CUST_0141,64,6,20693.09,1
CUST_0142,9,5,53173.51,1
CUST_0143,29,3,36862.91,1
CUST_0144,1,4,42856.02,1
CUST_0145,192,6,34392.73,1
CUST_0146,37,7,35386.91,1
CUST_0147,164,6,45213.07,1
CUST_0148,60,7,53671.59,1
CUST_0149,55,5,17310.300000000003,1
CUST_0150,178,4,36876.22,1
CUST_0151,12,2,7806.83,0
CUST_0152,115,5,18188.23,1
CUST_0153,5,7,66426.20999999999,1
CUST_0154,184,4,47296.87,1
CUST_0155,223,4,20636.96,1
CUST_0156,17,4,15595.44,0
CUST_0157,244,3,10764.3,0
CUST_0158,38,4,9998.49,0
CUST_0159,242,1,5673.92,0
CUST_0160,177,5,26040.26,1
CUST_0161,28,1,1492.8000000000002,0
CUST_0162,75,9,36287.130000000005,1
CUST_0163,83,2,5748.55,0
CUST_0164,87,6,38153.54,1
CUST_0165,294,4,14784.0,0
CUST_0166,59,4,16317.94,0
CUST_0167,22,4,22161.6,1
CUST_0168,110,3,20919.25,0
CUST_0169,272,1,8302.77,0
CUST_0170,451,1,1892.6,0
CUST_0171,93,7,61305.7,1
CUST_0172,267,2,6087.62,0
CUST_0173,46,2,11271.81,0
CUST_0174,279,1,400.49,0
CUST_0175,215,4,37691.57,1
CUST_0176,129,4,27290.51,1
CUST_0177,57,6,27564.25,1
CUST_0178,64,6,22237.14,1
CUST_0179,86,7,46810.19,1
CUST_0180,6,9,48944.78,1
CUST_0181,6,4,23258.84,1
CUST_0182,113,5,19916.92,1
CUST_0183,22,7,56754.13,1
CUST_0184,143,1,6398.7,0
CUST_0185,9,4,12895.820000000002,0
CUST_0186,260,2,8037.92,0
CUST_0187,15,9,108384.17,1
CUST_0188,78,4,37042.49,1
CUST_0189,476,2,18574.56,0
CUST_0190,128,3,23408.870000000003,0
CUST_0191,56,8,42151.15,1
CUST_0192,1,4,7858.1,0
CUST_0193,8,6,23543.78,1
CUST_0194,25,8,74845.85,1
CUST_0195,97,7,28554.29,1
CUST_0196,314,3,26081.88,0
CUST_0197,633,2,19141.9,0
CUST_0198,32,4,14367.24,0
CUST_0199,130,6,55281.23,1
CUST_0200,104,5,42039.57,1
CUST_0201,209,4,21905.44,1
CUST_0202,156,3,47981.92,1
CUST_0203,235,4,35880.61,1
CUST_0204,380,6,51871.36,1
CUST_0205,106,6,74094.95,1
CUST_0206,141,8,52444.47,1
CUST_0207,583,2,3874.76,0
CUST_0208,94,5,10694.35,1
CUST_0209,230,3,16224.99,0
CUST_0210,104,3,21317.81,0
CUST_0211,287,4,40371.36,1
CUST_0212,151,3,12376.82,0
CUST_0213,38,5,56307.16,1
CUST_0214,13,10,31362.36,1
CUST_0215,87,5,32258.98,1
CUST_0216,125,4,33799.8,1
CUST_0217,140,4,27540.45,1
CUST_0218,82,3,18513.41,0
CUST_0219,218,6,57367.91,1
CUST_0220,334,5,38977.67,1
CUST_0221,8,5,18342.12,1
CUST_0222,198,10,97696.43,1
CUST_0223,31,2,5103.91,0
CUST_0224,585,3,8206.130000000001,0
CUST_0225,17,4,32069.54,1
CUST_0226,145,3,33763.28,0
CUST_0227,135,4,16780.39,1
CUST_0228,355,2,20075.44,0
CUST_0229,91,4,24633.81,1
CUST_0230,19,3,15345.330000000002,0
CUST_0231,15,5,56148.48,1
CUST_0232,73,3,7385.610000000001,0
CUST_0233,460,3,33275.13,0
CUST_0234,98,3,11345.28,0
CUST_0235,56,3,17717.97,0
CUST_0236,93,5,31523.23,1
CUST_0237,483,5,20820.52,0
CUST_0238,355,3,17912.6,0
CUST_0239,107,12,96854.29,1
CUST_0240,198,2,12721.28,0
CUST_0241,222,4,40171.0,1
CUST_0242,407,6,37713.79,1
CUST_0243,7,8,60161.55,1
CUST_0244,499,4,26978.56,0
CUST_0245,71,4,49297.62,1
CUST_0246,465,4,40934.560000000005,0
CUST_0247,115,3,11224.9,0
CUST_0248,121,5,13356.19,1
CUST_0249,126,6,47445.89,1
CUST_0250,160,3,14532.06,0
CUST_0251,84,7,59621.05,1
CUST_0252,228,4,26170.04,1
CUST_0253,31,6,38800.17,1
CUST_0254,66,5,51213.990000000005,1
CUST_0255,268,4,11612.91,0
CUST_0256,45,5,33645.07,1
CUST_0257,154,7,14604.97,1
CUST_0258,85,3,7995.51,0
CUST_0259,33,6,25079.46,1
CUST_0260,55,4,53853.3,1
CUST_0261,186,6,18645.18,1
CUST_0262,208,5,43215.44,1
CUST_0263,112,3,37911.9,1
CUST_0264,52,7,42522.68,1
CUST_0265,150,4,21879.96,1
CUST_0266,307,2,3479.76,0
CUST_0267,398,3,16081.46,0
CUST_0268,69,6,32622.26,1
CUST_0269,35,4,40208.48,1
CUST_0270,126,4,57086.19,1
CUST_0271,155,2,21020.06,0
CUST_0272,5,5,43181.08,1
CUST_0273,309,7,38094.29,1
CUST_0274,192,5,28104.15,1
CUST_0275,114,3,32342.770000000004,0
CUST_0276,38,4,38350.31,1
CUST_0277,153,3,11676.97,0
CUST_0278,43,3,5845.56,0
CUST_0279,189,8,24272.03,1
CUST_0280,1,6,39233.07,1
CUST_0281,47,3,26745.9,0
CUST_0282,411,6,59243.61,1
CUST_0283,226,3,42404.62,1
CUST_0284,76,5,24483.83,1
CUST_0285,15,3,23378.74,0
CUST_0286,332,5,27978.18,0
CUST_0287,347,4,21331.82,0
CUST_0288,208,7,26619.48,1
CUST_0289,105,8,28745.61,1
CUST_0290,220,3,20471.35,0
CUST_0291,262,2,4077.34,0
CUST_0292,73,3,15573.98,0
CUST_0293,42,7,36077.61,1
CUST_0294,93,6,62579.81,1
CUST_0295,86,5,41328.420000000006,1
CUST_0296,348,2,22900.22,0
CUST_0297,137,5,35618.88,1
CUST_0298,596,3,21106.5,0
CUST_0299,225,3,37778.88,1
CUST_0300,104,9,57944.43,1
CUST_0301,129,1,350.32,0
CUST_0302,204,4,16870.28,1
CUST_0303,173,2,7967.83,0
CUST_0304,116,4,25568.64,1
CUST_0305,234,5,32474.81,1
CUST_0306,29,5,33871.74,1
CUST_0307,163,3,9888.08,0
CUST_0308,73,3,26529.29,0
CUST_0309,100,5,12957.05,1
CUST_0310,345,3,5976.12,0
CUST_0311,143,3,7296.24,0
CUST_0312,85,5,28449.95,1
CUST_0313,3,5,45396.89,1
CUST_0314,218,5,38833.85,1
CUST_0315,402,3,24111.01,0
CUST_0316,55,3,32469.76,1
CUST_0317,20,3,14154.96,0
CUST_0318,56,6,29627.78,1
CUST_0319,362,2,27997.72,0
CUST_0320,511,2,44294.04,0
CUST_0321,152,3,14454.36,0
CUST_0322,263,4,34046.12,1
CUST_0323,213,2,17345.55,0
CUST_0324,58,3,20875.98,0
CUST_0325,208,4,20469.97,1
CUST_0326,91,4,21433.39,1
CUST_0327,19,5,46733.630000000005,1
CUST_0328,298,5,37764.73,1
CUST_0329,141,5,50677.66,1
CUST_0330,40,2,2532.28,0
CUST_0331,91,9,69971.38,1
CUST_0332,147,4,38891.21,1
CUST_0333,58,5,34216.98,1
CUST_0334,267,5,28635.78,1
CUST_0335,146,5,33213.99,1
CUST_0336,234,3,3165.75,0
CUST_0337,241,2,3085.27,0
CUST_0338,85,3,34089.57,1
CUST_0339,15,4,34431.560000000005,1
CUST_0340,134,2,10081.95,0
CUST_0341,315,2,19820.619999999995,0
CUST_0342,236,3,26705.300000000003,1
CUST_0343,379,5,21621.14,0
CUST_0344,16,7,27554.82,1
CUST_0345,67,3,9109.92,0
CUST_0346,99,9,45438.58,1
CUST_0347,10,3,8113.83,0
CUST_0348,185,3,36177.92,0
CUST_0349,225,4,39257.9,1
CUST_0350,44,2,19451.41,0
CUST_0351,150,1,16017.76,0
CUST_0352,30,5,41030.64,1
CUST_0353,320,4,15386.7,0
CUST_0354,112,2,18058.95,0
CUST_0355,19,5,39851.32,1
CUST_0356,36,8,82673.01999999999,1
CUST_0357,18,6,69638.15,1
CUST_0358,113,8,89131.1,1
CUST_0359,181,2,7859.199999999999,0
CUST_0360,470,6,41276.98,1
CUST_0361,42,10,49935.24,1
CUST_0362,10,4,31731.38,1
CUST_0363,63,3,10949.91,0
CUST_0364,100,6,49764.97,1
CUST_0365,367,5,55703.7,1
CUST_0366,97,4,18052.91,0
CUST_0367,12,8,67920.88,1
CUST_0368,36,5,24607.08,1
CUST_0369,126,5,46376.08,1
CUST_0370,241,6,59171.86,1
CUST_0371,54,8,79904.94,1
CUST_0372,132,3,28565.31,0
CUST_0373,167,3,25158.46,0
CUST_0374,213,3,15633.740000000002,0
CUST_0375,30,6,27165.5,1
CUST_0376,1,6,19966.31,1
CUST_0377,26,5,24867.04,1
CUST_0378,277,1,12663.68,0
CUST_0379,303,5,55029.02,1
CUST_0380,75,6,48831.42,1
CUST_0381,106,7,73789.54000000001,1
CUST_0382,86,6,41084.11,1
CUST_0383,14,4,15406.51,0
CUST_0384,39,4,23999.56,1
CUST_0385,354,4,8031.98,0
CUST_0386,412,3,16581.02,0
CUST_0387,32,7,66757.39,1
CUST_0388,143,6,74469.45999999999,1
CUST_0389,34,5,55105.59,1
CUST_0390,112,6,39467.75,1
CUST_0391,116,9,33954.98,1
CUST_0392,73,3,13555.06,0
CUST_0393,78,5,32739.08,1
CUST_0394,135,7,73048.78,1
CUST_0395,17,9,46032.57,1
CUST_0396,40,7,56669.380000000005,1
CUST_0397,59,6,46381.03,1
CUST_0398,206,5,21970.35,1
CUST_0399,210,5,30170.67,1
CUST_0400,121,2,13270.94,0
CUST_0401,180,7,59369.7,1
CUST_0402,21,7,47647.8,1
CUST_0403,113,5,25868.4,1
CUST_0404,103,3,9164.39,0
CUST_0405,95,3,25066.4,0
CUST_0406,67,5,52970.59,1
CUST_0407,306,3,12977.77,0
CUST_0408,179,6,21249.14,1
CUST_0409,178,3,19898.22,0
CUST_0410,125,9,74801.53,1
CUST_0411,518,2,20099.69,0
CUST_0412,101,5,32259.04,1
CUST_0413,54,8,60573.67,1
CUST_0414,231,5,35234.1,1
CUST_0415,33,4,28319.56,1
CUST_0416,18,3,34961.84,1
CUST_0417,383,1,7051.66,0
CUST_0418,69,1,5744.25,0
CUST_0419,47,7,45137.35,1
CUST_0420,117,8,68732.4,1
CUST_0421,30,4,23947.12,1
CUST_0422,111,5,54005.36,1
CUST_0423,91,4,26919.880000000005,1
CUST_0424,123,3,35088.719999999994,0
CUST_0425,42,4,40897.1,1
CUST_0426,177,3,14239.38,0
CUST_0427,640,2,2809.63,0
CUST_0428,364,4,27489.5,0
CUST_0429,381,1,6862.9,0
CUST_0430,150,2,5914.53,0
CUST_0431,41,4,25921.22,1
CUST_0432,11,4,31939.840000000004,1
CUST_0433,90,2,10114.669999999998,0
CUST_0434,88,5,32615.660000000003,1
CUST_0435,45,6,20155.03,1
CUST_0436,161,4,34799.73,1
CUST_0437,27,6,15527.87,1
CUST_0438,125,6,40370.68,1
CUST_0439,57,6,23670.02,1
CUST_0440,453,3,10884.05,0
CUST_0441,11,5,54236.42,1
CUST_0442,77,5,19726.76,1
CUST_0443,130,4,16900.65,1
CUST_0444,46,5,21330.81,1
CUST_0445,170,8,56850.31,1
CUST_0446,78,7,80499.76000000001,1
CUST_0447,125,7,43514.19,1
CUST_0448,103,6,62505.41,1
CUST_0449,167,4,17439.21,1
CUST_0450,105,4,44587.91,1
CUST_0452,241,1,13361.63,0
CUST_0453,336,6,40778.64,1
CUST_0454,32,4,22159.41,1
CUST_0455,18,5,10277.75,1
CUST_0456,201,6,39559.87,1
CUST_0457,6,5,38357.3,1
CUST_0458,91,2,7754.41,0
CUST_0459,195,4,27374.13,1
CUST_0460,20,2,10114.87,0
CUST_0461,454,2,18220.47,0
CUST_0462,4,9,86239.93000000001,1
CUST_0463,41,4,22192.68,1
CUST_0464,53,10,81802.39,1
CUST_0465,40,3,27390.8,0
CUST_0466,451,4,13967.91,0
CUST_0467,74,8,38542.86,1
CUST_0468,291,1,13834.4,0
CUST_0469,113,2,23859.32,0
CUST_0470,15,6,66602.76999999999,1
CUST_0471,87,7,60840.98,1
CUST_0472,582,2,9503.82,0
CUST_0473,349,3,16622.85,0
CUST_0474,649,2,33784.64,0
CUST_0475,76,6,59848.64,1
CUST_0476,379,5,57708.84,1
CUST_0477,35,3,15642.24,0
CUST_0478,305,3,14498.05,0
CUST_0479,310,3,26734.45,0
CUST_0480,171,5,31652.640000000003,1
CUST_0481,56,1,3124.1,0
CUST_0482,8,2,3576.36,0
CUST_0483,11,3,7917.55,0
CUST_0484,51,8,65686.73000000001,1
CUST_0485,460,4,37581.71,0
CUST_0486,215,3,23800.38,0
CUST_0487,348,3,22613.45,0
CUST_0488,198,1,11131.08,0
CUST_0489,61,5,50654.71000000001,1
CUST_0490,126,6,19701.16,1
CUST_0491,224,5,21550.94,1
CUST_0492,184,4,28299.37,1
CUST_0493,85,3,31878.41,1
CUST_0494,30,5,38962.88,1
CUST_0495,175,2,22370.28,0
CUST_0496,127,6,25515.68,1
CUST_0497,31,5,34811.509999999995,1
CUST_0498,194,6,33766.59,1
CUST_0499,150,3,17997.09,0
CUST_0500,55,8,37519.94,1
CUST_0501,284,2,16569.72,0
CUST_0502,139,3,25423.29,0
CUST_0503,95,6,34411.71000000001,1
CUST_0504,87,5,57247.26,1
CUST_0505,179,2,11123.55,0
CUST_0506,66,1,1550.16,0
CUST_0507,135,5,57757.73,1
CUST_0508,151,4,21880.72,1
CUST_0509,185,5,16519.58,1
CUST_0510,5,6,64222.87,1
CUST_0511,50,2,13311.04,0
CUST_0512,5,5,18053.34,1
CUST_0513,290,4,27192.67,1
CUST_0514,51,5,21514.73,1
CUST_0515,163,3,27882.96,0
CUST_0516,81,1,1653.84,0
CUST_0517,74,3,30609.69,1
CUST_0518,15,3,52715.35,1
CUST_0519,369,5,26143.0,0
CUST_0520,14,5,33615.54,1
CUST_0521,29,4,32108.58,1
CUST_0522,4,3,11672.72,0
CUST_0523,63,2,20109.68,0
CUST_0524,24,8,57410.89,1
CUST_0525,56,7,36602.8,1
CUST_0526,70,6,21222.9,1
CUST_0527,352,3,30425.51,0
CUST_0528,46,5,34246.61,1
CUST_0529,478,4,9404.85,0
CUST_0530,133,5,23088.13,1
CUST_0531,405,3,33093.15,0
CUST_0532,220,5,25292.27,1
CUST_0533,11,5,31365.88,1
CUST_0534,329,4,39166.64,1
CUST_0535,66,6,31714.160000000003,1
CUST_0536,220,3,20306.7,0
CUST_0537,92,5,29681.07,1
CUST_0538,79,3,8321.500000000002,0
CUST_0539,46,5,33318.32,1
CUST_0540,219,4,24617.18,1
CUST_0541,68,4,17285.31,0
CUST_0542,264,3,18779.86,0
CUST_0543,110,3,13795.11,0
CUST_0544,334,1,1394.1999999999998,0
CUST_0545,19,3,25739.3,0
CUST_0546,285,5,37319.33,1
CUST_0547,137,8,71547.16,1
CUST_0548,359,6,47040.07,1
CUST_0549,82,10,83421.25,1
CUST_0550,166,1,8557.03,0
CUST_0551,196,4,25257.86,1
CUST_0552,97,4,22547.76,1
CUST_0553,181,9,54123.62,1
CUST_0554,182,5,13805.35,1
CUST_0555,273,3,18732.61,0
CUST_0556,141,8,57263.55,1
CUST_0557,20,7,56539.4,1
CUST_0558,72,7,53835.78,1
CUST_0559,485,2,9443.25,0
CUST_0560,35,10,69844.64,1
CUST_0561,89,7,70658.53,1
CUST_0562,124,6,24702.14,1
CUST_0563,167,6,37612.97,1
CUST_0564,103,5,28658.01,1
CUST_0565,54,6,57144.88,1
CUST_0566,10,8,54253.05,1
CUST_0567,122,3,29824.45,0
CUST_0568,74,5,45215.95,1
CUST_0569,157,3,8328.2,0
CUST_0570,74,3,26304.0,0
CUST_0571,50,3,33477.71,1
CUST_0572,30,3,4329.66,0
CUST_0573,260,8,53015.25,1
CUST_0574,3,8,62057.98,1
CUST_0575,194,6,34317.32,1
CUST_0576,43,6,26856.79,1
CUST_0577,42,5,25897.56,1
CUST_0578,37,3,23576.94,0
CUST_0579,39,6,35042.51,1
CUST_0580,171,1,10213.94,0
CUST_0581,124,3,27867.42,0
CUST_0582,229,3,13224.090000000002,0
CUST_0583,56,3,24860.98,0
CUST_0584,9,3,48670.94,1
CUST_0585,115,6,36927.66,1
CUST_0586,44,6,29481.75,1
CUST_0587,75,6,20513.57,1
CUST_0588,159,3,21474.33,0
CUST_0589,83,4,15990.64,0
CUST_0590,5,3,17570.600000000002,0
CUST_0591,61,6,34237.53,1
CUST_0592,421,5,29437.94,0
CUST_0593,442,1,9528.54,0
CUST_0594,131,6,23444.700000000004,1
CUST_0595,169,2,26369.16,0
CUST_0596,2,5,26388.56,1
CUST_0597,73,5,27471.48,1
CUST_0598,349,5,17983.08,0
CUST_0599,78,1,10230.02,0
CUST_0600,16,5,30860.66,1
CUST_0601,65,8,35452.66,1
CUST_0602,169,4,6875.3,1
CUST_0603,27,3,36233.78,1
CUST_0604,33,4,23578.51,1
CUST_0605,1,4,35856.92,1
CUST_0606,227,2,5409.3,0
CUST_0607,74,4,22566.11,1
CUST_0608,99,3,12191.13,0
CUST_0609,7,4,13183.66,0
CUST_0610,395,3,21700.12,0
CUST_0611,206,7,56877.96,1
CUST_0612,145,4,17136.08,1
CUST_0613,54,2,13024.059999999998,0
CUST_0614,136,7,38283.15,1
CUST_0615,118,5,33327.51,1
CUST_0616,164,1,7253.120000000001,0
CUST_0617,107,7,35667.1,1
CUST_0618,20,6,32999.43,1
CUST_0619,280,3,20647.06,0
CUST_0620,705,3,9595.08,0
CUST_0621,112,2,3234.24,0
CUST_0622,150,6,38265.46,1
CUST_0623,322,5,52240.52,1
CUST_0624,92,4,29748.33,1
CUST_0625,71,6,23310.34,1
CUST_0626,67,7,48547.75,1
CUST_0627,258,3,34945.08,1
CUST_0628,292,4,50540.19,1
CUST_0629,127,5,33429.25,1
CUST_0630,370,3,31041.410000000003,0
CUST_0631,16,6,39759.36,1
CUST_0632,50,5,28384.84,1
CUST_0633,94,3,17974.010000000002,0
CUST_0634,81,11,77220.73999999999,1
CUST_0635,42,7,49717.1,1
CUST_0636,529,3,46701.05,0
CUST_0637,230,4,29316.47,1
CUST_0638,10,5,17805.86,1
CUST_0639,209,5,24449.13,1
CUST_0640,30,6,36540.74,1
CUST_0641,22,3,49204.72,1
CUST_0642,207,1,4033.28,0
CUST_0643,94,3,11230.27,0
CUST_0644,105,11,83519.02,1
CUST_0645,269,3,7267.519999999999,0
CUST_0646,6,8,65123.87,1
CUST_0647,497,2,19538.61,0
CUST_0648,428,1,4785.36,0
CUST_0649,127,9,59800.14,1
CUST_0650,103,7,58310.64,1
CUST_0651,95,8,49906.59,1
CUST_0652,50,9,54260.15,1
CUST_0653,95,4,21887.89,1
CUST_0654,6,5,34964.01,1
CUST_0655,280,4,55817.31,1
CUST_0656,141,6,62204.7,1
CUST_0657,126,7,60659.600000000006,1
CUST_0658,3,7,48820.87,1
CUST_0659,180,3,29300.19,0
CUST_0660,723,1,7940.139999999999,0
CUST_0661,93,3,32433.75,1
CUST_0662,65,7,58844.630000000005,1
CUST_0663,14,6,21806.82,1
CUST_0664,67,6,15985.25,1
CUST_0666,62,4,33482.44,1
CUST_0667,1,10,94419.21,1
CUST_0668,82,8,60326.66,1
CUST_0669,461,5,33210.85,0
CUST_0670,137,8,49830.34,1
CUST_0671,162,3,37754.97,0
CUST_0672,688,1,813.51,0
CUST_0673,355,3,10870.63,0
CUST_0674,303,4,15536.53,0
CUST_0675,566,3,18753.24,0
CUST_0676,337,2,21055.7,0
CUST_0677,39,3,33446.57,1
CUST_0678,33,2,2488.44,0
CUST_0679,4,5,82571.64,1
CUST_0680,33,5,30649.88,1
CUST_0681,68,3,43995.56,1
CUST_0682,197,4,15301.79,1
CUST_0683,38,3,36186.65,1
CUST_0684,160,4,20476.54,1
CUST_0685,59,5,33519.07,1
CUST_0686,28,4,17784.02,0
CUST_0687,170,4,45426.08,1
CUST_0688,86,4,41673.35,1
CUST_0689,12,3,38599.36,1
CUST_0690,192,1,371.32,0
CUST_0691,375,4,43864.66,1
CUST_0692,97,3,20571.84,0
CUST_0693,20,4,57100.8,1
CUST_0694,9,6,39147.16,1
CUST_0695,394,2,7373.66,0
CUST_0696,112,3,20239.85,0
CUST_0697,12,6,56417.59,1
CUST_0698,111,6,58999.08,1
CUST_0699,69,7,59676.23,1
CUST_0700,237,5,40811.63,1
CUST_0701,97,4,42663.600000000006,1
CUST_0702,95,8,83817.52,1
CUST_0703,157,6,39867.22,1
CUST_0704,140,4,9145.56,1
CUST_0705,254,3,19974.02,0
CUST_0706,119,3,25458.620000000003,0
CUST_0707,231,3,6971.1,0
CUST_0708,68,1,7499.280000000001,0
CUST_0709,74,5,40503.21,1
CUST_0710,291,4,22508.82,1
CUST_0711,375,5,37643.34,1
CUST_0712,484,1,2399.28,0
CUST_0713,22,6,90127.79,1
CUST_0714,409,3,24821.26,0
CUST_0715,34,2,13108.85,0
CUST_0716,71,4,73861.15,1
CUST_0717,67,5,38859.16,1
CUST_0718,88,7,58267.77,1
CUST_0719,203,7,47548.65,1
CUST_0720,101,4,16941.47,0
CUST_0721,376,4,21601.09,0
CUST_0723,517,1,1519.95,0
CUST_0724,44,3,16359.93,0
CUST_0725,99,3,33444.89,1
CUST_0726,10,6,34284.86,1
CUST_0727,42,3,21517.71,0
CUST_0728,151,5,37859.21,1
CUST_0729,685,1,484.9,0
CUST_0730,218,7,71392.08,1
CUST_0731,257,3,15467.22,0
CUST_0732,120,3,21879.1,0
CUST_0733,97,6,22031.86,1
CUST_0734,587,1,3943.1,0
CUST_0735,139,2,8867.42,0
CUST_0736,384,2,10261.97,0
CUST_0737,389,5,60141.34,1
CUST_0738,135,3,5554.37,0
CUST_0739,56,3,15647.74,0
CUST_0740,27,4,26354.89,1
CUST_0741,86,4,24408.39,1
CUST_0742,82,4,45441.0,1
CUST_0743,86,7,70492.23000000001,1
CUST_0744,198,3,30843.65,0
CUST_0745,85,3,27165.26,0
CUST_0746,43,6,42144.47,1
CUST_0747,17,4,21133.11,1
CUST_0748,257,4,22116.41,1
CUST_0749,15,4,19030.58,0
CUST_0750,462,3,47320.1,0
CUST_0751,366,2,557.57,0
CUST_0752,217,4,42408.71,1
CUST_0753,327,1,7873.6,0
CUST_0754,43,3,13568.48,0
CUST_0755,431,1,10990.55,0
CUST_0756,110,3,39495.88,1
CUST_0757,111,6,26412.56,1
CUST_0758,241,2,19337.82,0
CUST_0759,197,6,21437.49,1
CUST_0760,178,3,14400.34,0
CUST_0761,143,9,77031.68,1
CUST_0762,234,3,34120.32,1
CUST_0763,95,6,18624.74,1
CUST_0764,328,5,18841.15,0
CUST_0765,164,6,56718.57000000001,1
CUST_0766,129,3,9756.68,0
CUST_0767,297,3,9582.39,0
CUST_0768,88,5,26964.51,1
CUST_0769,54,1,2668.74,0
CUST_0770,88,3,26350.36,0
CUST_0771,482,3,31431.26,0
CUST_0772,55,3,9988.63,0
CUST_0773,25,3,8420.32,0
CUST_0774,1,5,14330.43,1
CUST_0775,251,5,21981.61,1
CUST_0776,122,5,37735.16,1
CUST_0777,397,1,1863.84,0
CUST_0778,133,3,17812.14,0
CUST_0779,26,6,24177.21,1
CUST_0780,306,7,60088.08,1
CUST_0781,50,5,57314.47,1
CUST_0782,660,1,9056.49,0
CUST_0783,125,11,80126.64,1
CUST_0784,169,1,11569.04,0
CUST_0785,181,3,32180.730000000003,0
CUST_0786,146,10,38698.0,1
CUST_0787,43,4,25610.26,1
CUST_0788,441,3,6458.500000000001,0
CUST_0789,155,2,21102.8,0
CUST_0790,145,8,45919.16,1
CUST_0791,84,8,62463.07,1
CUST_0792,220,3,9659.93,0
CUST_0793,141,4,24777.65,1
CUST_0794,38,8,48748.34,1
CUST_0795,6,7,27062.11,1
CUST_0796,26,4,25460.72,1
CUST_0797,48,8,58118.44,1
CUST_0798,122,6,53528.05,1
CUST_0799,27,6,49166.7,1
CUST_0800,414,4,18741.18,0
CUST_0801,713,1,1312.7,0
CUST_0802,347,6,76347.68,1
CUST_0803,248,4,27259.72,1
CUST_0804,254,7,73410.58,1
CUST_0805,48,8,41767.86,1
CUST_0806,155,7,53007.08,1
CUST_0807,23,2,11580.64,0
CUST_0808,131,4,11666.95,1
CUST_0809,54,4,21385.960000000003,1
CUST_0810,225,5,29834.76,1
CUST_0811,22,2,3863.78,0
CUST_0812,69,6,51796.04,1
CUST_0813,10,8,40497.92,1
CUST_0815,229,5,23600.820000000003,1
CUST_0816,19,10,106187.65,1
CUST_0817,553,3,43172.89,0
CUST_0818,14,5,37876.38,1
CUST_0819,181,1,5596.13,0
CUST_0820,149,2,19288.11,0
CUST_0821,273,2,5764.72,0
CUST_0822,172,7,55755.76,1
CUST_0823,280,3,20168.59,0
CUST_0824,37,4,51878.94,1
CUST_0825,130,7,60831.62,1
CUST_0826,91,4,28288.92,1
CUST_0827,337,2,17917.88,0
CUST_0828,78,3,14161.46,0
CUST_0829,27,1,13104.83,0
CUST_0830,388,4,12517.19,0
CUST_0831,228,4,9955.75,0
CUST_0832,5,3,6571.570000000001,0
CUST_0833,47,7,90171.71,1
CUST_0834,465,6,31552.07,1
CUST_0835,55,4,26818.7,1
CUST_0836,29,4,44446.53,1
CUST_0837,37,2,24479.63,0
CUST_0838,586,3,49823.04,0
CUST_0839,309,5,42831.24,1
CUST_0840,296,7,19755.46,1
CUST_0841,8,5,22130.29,1
CUST_0842,52,6,18995.32,1
CUST_0843,34,5,20707.07,1
CUST_0844,46,4,20666.95,1
CUST_0845,46,6,16985.989999999998,1
CUST_0846,294,3,24930.92,0
CUST_0847,483,4,27620.05,0
CUST_0848,257,3,29274.75,1
CUST_0849,50,11,82014.26999999999,1
CUST_0850,44,3,14464.22,0
CUST_0851,15,4,22809.16,1
CUST_0852,26,4,8284.960000000001,0
CUST_0853,39,5,24492.44,1
CUST_0854,69,2,1026.48,0
CUST_0855,11,4,49720.82,1
CUST_0856,25,4,18336.72,0
CUST_0857,218,7,59303.08,1
CUST_0858,13,2,20451.75,0
CUST_0859,228,5,40247.11,1
CUST_0860,32,4,31871.73,1
CUST_0861,283,4,20342.21,1
CUST_0862,6,7,55221.61000000001,1
CUST_0863,223,6,46482.39,1
CUST_0864,175,6,47930.57,1
CUST_0865,90,4,27376.11,1
CUST_0866,182,6,36578.72,1
CUST_0867,2,2,6228.33,0
CUST_0868,27,6,63349.3,1
CUST_0869,19,4,18909.71,0
CUST_0870,36,8,50314.71,1
CUST_0871,191,4,37237.93,1
CUST_0872,18,6,44622.48,1
CUST_0873,117,7,31180.4,1
CUST_0874,251,5,49482.6,1
CUST_0875,123,1,3117.6,0
CUST_0876,54,5,22528.69,1
CUST_0877,37,3,27789.53,0
CUST_0878,52,8,62974.78,1
CUST_0879,678,2,17397.870000000003,0
CUST_0880,43,7,56126.68,1
CUST_0881,105,8,63534.1,1
CUST_0882,91,3,5053.65,0
CUST_0883,43,4,21224.56,1
CUST_0884,487,1,15124.34,0
CUST_0885,23,5,67443.61,1
CUST_0886,26,6,35962.67,1
CUST_0887,5,2,11349.02,0
CUST_0888,140,4,14624.37,1
CUST_0889,382,5,15542.47,0
CUST_0890,280,4,35968.56,1
CUST_0891,200,5,32022.52,1
CUST_0892,76,11,76802.67,1
CUST_0893,158,3,23507.0,0
CUST_0894,164,3,23716.15,0
CUST_0895,239,4,25766.36,1
CUST_0896,233,3,19812.99,0
CUST_0897,24,7,30530.68,1
CUST_0898,126,8,28268.38,1
CUST_0899,93,9,59326.31,1
CUST_0900,3,4,27612.04,1
CUST_0901,1,3,24438.46,0
CUST_0902,38,6,36686.65,1
CUST_0903,52,2,4857.11,0
CUST_0904,168,4,13249.4,1
CUST_0905,110,4,44509.02,1
CUST_0906,104,3,8132.79,0
CUST_0907,91,9,57244.64,1
CUST_0908,137,6,33903.25,1
CUST_0909,188,7,42318.28,1
CUST_0910,52,3,20478.49,0
CUST_0911,116,5,22975.95,1
CUST_0912,388,1,7699.9,0
CUST_0913,122,4,31341.06,1
CUST_0914,68,3,21276.93,0
CUST_0915,100,6,38996.55,1
CUST_0916,146,6,33484.03,1
CUST_0917,127,5,24459.3,1
CUST_0918,469,2,12760.62,0
CUST_0919,313,3,21926.11,0
CUST_0920,168,3,3253.63,0
CUST_0921,161,5,48627.64,1
CUST_0922,33,6,43700.76,1
CUST_0923,11,8,57099.11,1
CUST_0924,41,5,31270.0,1
CUST_0925,108,6,28851.210000000003,1
CUST_0926,311,5,41018.54,1
CUST_0927,58,2,23954.68,0
CUST_0928,642,3,8890.36,0
CUST_0929,65,5,53069.490000000005,1
CUST_0930,94,7,43014.04,1
CUST_0931,45,4,27038.08,1
CUST_0932,128,1,24792.75,0
CUST_0933,64,4,36142.25,1
CUST_0934,98,10,90415.5,1
CUST_0935,129,7,22249.44,1
CUST_0936,317,4,33343.29,1
CUST_0937,158,6,38746.29,1
CUST_0938,49,4,51717.04,1
CUST_0939,402,2,3116.6400000000003,0
CUST_0940,38,6,33181.8,1
CUST_0941,29,1,393.18,0
CUST_0942,156,2,5064.0,0
CUST_0943,21,3,48569.5,1
CUST_0944,48,6,41368.59,1
CUST_0945,27,5,32704.23,1
CUST_0946,97,4,33940.84,1
CUST_0947,52,7,16013.4,1
CUST_0948,35,3,5072.81,0
CUST_0949,203,1,2488.0,0
CUST_0950,107,8,81023.24,1
CUST_0951,227,5,42855.25,1
CUST_0952,8,5,34392.34,1
CUST_0953,366,5,36903.6,1
CUST_0954,302,10,60732.92,1
CUST_0955,94,8,53701.0,1
CUST_0956,107,8,77935.72,1
CUST_0957,413,1,2054.62,0
CUST_0958,203,3,17951.260000000002,0
CUST_0959,184,6,33654.35,1
CUST_0960,119,4,25426.56,1
CUST_0961,235,1,3568.8,0
CUST_0962,115,5,51669.93,1
CUST_0963,96,5,53437.08,1
CUST_0964,15,5,26493.19,1
CUST_0965,60,6,28933.83,1
CUST_0966,12,4,41800.75,1
CUST_0967,416,1,5381.16,0
CUST_0968,1,10,40016.28999999999,1
CUST_0969,12,3,10080.84,0
CUST_0970,9,6,41317.17,1
CUST_0971,435,4,28310.46,0
CUST_0973,31,9,82582.65000000001,1
CUST_0974,359,3,7227.67,0
CUST_0975,339,6,77707.29000000001,1
CUST_0976,165,4,39828.29,1
CUST_0977,249,2,2369.02,0
CUST_0978,275,4,28286.22,1
CUST_0979,8,3,16064.7,0
CUST_0980,77,3,6590.6,0
CUST_0981,186,5,56543.68,1
CUST_0982,292,1,12687.85,0
CUST_0983,2,4,28075.53,1
CUST_0984,270,4,48036.15,1
CUST_0985,714,1,6803.64,0
CUST_0986,454,3,22021.43,0
CUST_0987,258,3,52485.21000000001,1
CUST_0988,5,10,62967.58,1
CUST_0989,281,3,24648.78,0
CUST_0990,22,4,21969.22,1
CUST_0991,47,6,19224.33,1
CUST_0992,14,9,69579.01,1
CUST_0993,13,4,28303.4,1
CUST_0994,23,7,20634.28,1
CUST_0995,111,5,41934.15,1
CUST_0996,261,5,27113.33,1
CUST_0997,210,6,34151.08,1
CUST_0998,7,4,25121.32,1
CUST_0999,94,2,14496.64,0
CUST_1000,233,5,63529.76,1
