CustomerID,Recency_Scaled,Frequency_Scaled,Monetary_Scaled
CUST_0001,-0.870777584892861,-0.22805136562519845,-1.2143227325764623
CUST_0002,2.568293133384237,-0.7063794418305931,-0.3551783166334125
CUST_0003,-0.7930983694902981,0.7286047867855909,0.5979898755389715
CUST_0004,0.7039919637227302,-0.7063794418305931,-0.7217544069794763
CUST_0005,0.9511531036399754,-1.6630355942413824,-1.5510882234797176
CUST_0006,0.8522886476730773,-1.6630355942413824,-1.4618784459395242
CUST_0007,-0.8284071037641902,1.2069328629909855,0.5359923445637795
CUST_0008,-0.9625802940049806,1.2069328629909855,0.6507760782864009
CUST_0009,-0.7295426477972922,1.2069328629909855,0.8919621267523649
CUST_0010,-0.39764054562270573,0.7286047867855909,0.7866350592974706
CUST_0011,0.38621335525770056,-1.1847075180359878,-1.2748558387635185
CUST_0012,0.4144603426768143,0.2502767105801962,-0.7040525577405413
CUST_0013,-0.4965050015896038,1.6852609391963802,1.5205987817292335
CUST_0014,-0.3905787987679273,1.2069328629909855,0.4287441383248651
CUST_0016,0.054311253083114124,1.2069328629909855,3.4931739023805646
CUST_0017,0.36502811469336527,0.7286047867855909,-0.5508298276406532
CUST_0018,0.06137299993789256,-0.7063794418305931,-0.9962917288741018
CUST_0019,-1.0402595094075433,0.7286047867855909,0.6490678361486305
CUST_0020,-0.3128995833653645,-0.7063794418305931,-0.22234652317331108
CUST_0021,0.4144603426768143,0.2502767105801962,-0.8101886324511864
CUST_0022,-0.7860366226355197,-0.22805136562519845,0.1310436613182079
CUST_0023,-0.5529989764278314,-0.7063794418305931,-0.4285967388863789
CUST_0024,1.0853262938807657,-1.6630355942413824,-1.4366136967909362
CUST_0025,-0.6306781918303941,0.7286047867855909,0.15910546688110336
CUST_0026,-0.18578813997935267,0.2502767105801962,0.05801098751237595
CUST_0027,0.01900251880922195,-0.22805136562519845,0.025556921378626203
CUST_0028,-0.9555185471502021,0.7286047867855909,-0.46871153600770166
CUST_0029,-1.0120125219884295,2.163589015401775,1.9018292578921918
CUST_0030,1.3466109275075677,-1.1847075180359878,-0.8646060290263146
CUST_0031,0.3509046209838084,-0.22805136562519845,0.14875108642168758
CUST_0032,-0.581245963846945,-0.7063794418305931,0.336291742103569
CUST_0033,-0.7719131289259628,-1.1847075180359878,-1.3202139761439198
CUST_0034,-0.8919628254571962,0.2502767105801962,0.2941392199395648
CUST_0035,-0.8919628254571962,0.2502767105801962,0.5884556540643958
CUST_0036,-0.12929416514112518,-0.7063794418305931,-0.9581259498595228
CUST_0037,-0.41176403933226263,-1.1847075180359878,-0.2556435586468567
CUST_0038,0.0896199873570063,-0.22805136562519845,-0.2877068073657039
CUST_0039,-0.5883077107017235,1.6852609391963802,3.2764958061754466
CUST_0040,1.9539211570185133,-1.1847075180359878,-0.8443575303808045
CUST_0041,2.9778744509613864,-1.6630355942413824,-1.5638214705125921
CUST_0042,-0.9625802940049806,-0.22805136562519845,-1.535324747515214
CUST_0043,1.367796168071903,-1.6630355942413824,-1.5471922148533372
CUST_0044,-0.9413950534406452,-0.7063794418305931,-0.268588688532428
CUST_0045,1.4172283960553522,-1.1847075180359878,-1.5074048730498186
CUST_0046,-0.6801104198138431,-0.22805136562519845,-1.2553332163023667
CUST_0047,-0.9343333065858668,0.7286047867855909,-0.49657261044698975
CUST_0048,-0.09398543086723302,1.6852609391963802,0.8431150188573423
CUST_0049,0.40033684896725746,-0.22805136562519845,-0.5624884535067407
CUST_0050,-0.8425305974737471,-1.6630355942413824,-0.4983112663913671
CUST_0051,-0.6094929512660588,1.6852609391963802,0.2757981738651025
CUST_0052,1.4313518897649091,-1.1847075180359878,-0.378970530645436
CUST_0053,-0.19284988683413112,1.6852609391963802,0.6857509420911092
CUST_0054,-1.068506496826657,-0.7063794418305931,-0.2833708123370732
CUST_0055,0.42152208953159276,0.2502767105801962,-0.1787305900147246
CUST_0056,-0.4965050015896038,0.7286047867855909,0.3443432905060441
CUST_0057,1.3889814086362384,-0.22805136562519845,-0.0032784086656454043
CUST_0058,-0.8354688506189687,1.6852609391963802,0.20529897014964882
CUST_0059,0.3509046209838084,-0.7063794418305931,-1.126028917511922
CUST_0060,-0.41176403933226263,-1.1847075180359878,-1.041991514682057
CUST_0061,-0.256405608527137,-0.22805136562519845,-0.9477355797289551
CUST_0062,0.5415717860628262,-0.22805136562519845,0.7731206843315681
CUST_0063,1.2336229778311127,-0.7063794418305931,-0.10864805544978957
CUST_0064,0.08255824050222786,-0.22805136562519845,-1.2163188920834473
CUST_0066,-0.5671224701373881,2.163589015401775,3.1575053361022754
CUST_0067,-0.6377399386851725,0.2502767105801962,-0.39839836340932866
CUST_0068,0.5133247986437124,-0.22805136562519845,1.3669107203882553
CUST_0069,-0.6024312044112804,0.7286047867855909,1.4241707940876012
CUST_0070,0.2520401650169103,-0.22805136562519845,0.09096688145514431
CUST_0071,-0.969642040859759,-1.1847075180359878,-1.201038995643998
CUST_0072,0.944091356785197,0.7286047867855909,0.7894371846795458
CUST_0073,-0.9484568002954237,1.2069328629909855,0.3290329802599874
CUST_0074,-0.41176403933226263,1.2069328629909855,1.3416997022980064
CUST_0075,2.2928850060478783,-1.1847075180359878,-1.3148489806584125
CUST_0076,-0.9343333065858668,1.6852609391963802,-0.06640885393695498
CUST_0077,-0.7860366226355197,1.6852609391963802,0.7728413842075588
CUST_0078,0.07549649364744944,0.7286047867855909,0.27707656753615756
CUST_0079,-0.04455320288378397,-0.7063794418305931,0.1696276301736357
CUST_0080,0.8664121413826342,-1.6630355942413824,-1.4019277641489958
CUST_0081,-0.7507278883616275,0.2502767105801962,0.11088234891830544
CUST_0082,-0.2705291022366939,-1.1847075180359878,0.3967609792967499
CUST_0083,0.8522886476730773,-0.22805136562519845,-0.27302048705187154
CUST_0084,-0.5671224701373881,-0.22805136562519845,-1.2903927318687987
CUST_0085,-0.9131480660215315,-0.7063794418305931,-1.11093555908633
CUST_0086,-0.6942339135234,-0.22805136562519845,-0.3192236213591757
CUST_0087,-0.7719131289259628,-0.7063794418305931,-0.9723302113386314
CUST_0088,-0.9484568002954237,-1.1847075180359878,-1.2292361426462952
CUST_0089,-0.8637158380380825,1.2069328629909855,1.4480283977838304
CUST_0090,-0.8425305974737471,0.2502767105801962,0.0002526342814487033
CUST_0091,-0.9555185471502021,-0.22805136562519845,0.3348187000702278
CUST_0092,1.4878458646031365,0.2502767105801962,-0.49357938498006604
CUST_0093,-0.7719131289259628,-0.7063794418305931,-0.09552855307300379
CUST_0094,1.1630055092833285,-1.1847075180359878,0.4853340944852997
CUST_0095,-0.6377399386851725,1.6852609391963802,0.18525829918262138
CUST_0096,-0.9484568002954237,1.2069328629909855,1.4808742951260363
CUST_0097,0.21673143074301815,-0.7063794418305931,0.32536152690572384
CUST_0098,-0.6024312044112804,-0.22805136562519845,-0.9036847291358858
CUST_0100,-0.26346735538191546,0.7286047867855909,1.0809727830869265
CUST_0101,-0.870777584892861,0.7286047867855909,0.8854059238414093
CUST_0103,3.8040988329704635,-1.6630355942413824,-0.9930090653476329
CUST_0104,-0.7154191540877354,0.2502767105801962,0.5775330423182025
CUST_0105,0.7957946728348498,0.2502767105801962,-0.32262794011207324
CUST_0106,-0.5388754827182745,-0.22805136562519845,0.2943095372565651
CUST_0107,-0.5741842169921666,-0.22805136562519845,0.40410236531494753
CUST_0108,-0.9272715597310884,-0.7063794418305931,-0.9613523478437682
CUST_0110,0.23791667130735344,-1.6630355942413824,-1.4721785884438239
CUST_0111,-0.8001601163450766,0.7286047867855909,0.31504465680779015
CUST_0112,-1.019074268843208,1.2069328629909855,1.8312702403570777
CUST_0113,1.0853262938807657,-1.1847075180359878,-0.6475609395548034
CUST_0114,0.49920130493415554,-0.7063794418305931,-0.5953409405070443
CUST_0115,0.068434746792671,-0.22805136562519845,-0.36249891988376165
CUST_0116,-0.6165546981208372,-1.1847075180359878,-1.402988192206033
CUST_0117,-0.9413950534406452,0.2502767105801962,0.28741624798904686
CUST_0118,0.6828067231583949,-0.7063794418305931,-1.397256710350909
CUST_0119,0.34384287412903,-0.22805136562519845,-0.12568739060146472
CUST_0120,-0.5176902421539391,-1.1847075180359878,-0.7597594997158139
CUST_0121,1.170067256138107,-1.1847075180359878,-1.4829582552989637
CUST_0122,0.7039919637227302,0.7286047867855909,1.9872555578904516
CUST_0123,-0.5459372295730529,0.7286047867855909,1.1252360234294696
CUST_0124,0.5274482923532693,-0.7063794418305931,-0.008203417748902132
CUST_0125,0.8664121413826342,-0.22805136562519845,-0.884038930757975
CUST_0126,0.5980657609010537,-0.7063794418305931,0.6009810734187883
CUST_0127,-0.9413950534406452,-0.22805136562519845,-0.7494568227276301
CUST_0128,1.4525371303292443,0.2502767105801962,0.5990406725572496
CUST_0129,-0.4894432547348254,0.2502767105801962,-0.3002307060297657
CUST_0130,-0.7648513820711844,0.7286047867855909,0.8168780416908783
CUST_0131,0.6616214825940596,-1.1847075180359878,-1.1886925108518114
CUST_0132,-0.39764054562270573,0.2502767105801962,0.05200375381068013
CUST_0133,2.695404576770249,-0.7063794418305931,0.10974740703508071
CUST_0134,-0.9413950534406452,0.2502767105801962,1.1254813614694341
CUST_0135,-0.8354688506189687,0.2502767105801962,-0.4698844951491854
CUST_0136,-0.9060863191667531,1.2069328629909855,1.2589467759005182
CUST_0137,-0.2352203679628017,0.2502767105801962,0.835246967088064
CUST_0138,-0.969642040859759,-0.22805136562519845,-0.9037110877682787
CUST_0139,-0.41176403933226263,-0.22805136562519845,-0.2407098727059523
CUST_0140,-0.256405608527137,-1.6630355942413824,-1.1899435320969203
CUST_0141,-0.6236164449756156,0.7286047867855909,-0.5257723992737707
CUST_0142,-1.0120125219884295,0.2502767105801962,1.120649621393106
CUST_0143,-0.870777584892861,-0.7063794418305931,0.29387056464786826
CUST_0144,-1.068506496826657,-0.22805136562519845,0.5976593788405066
CUST_0145,0.28028715243602403,0.7286047867855909,0.16865793663964343
CUST_0146,-0.8142836100546335,1.2069328629909855,0.2190526003941945
CUST_0147,0.08255824050222786,0.7286047867855909,0.7171374836129469
CUST_0148,-0.6518634323947294,1.2069328629909855,1.145897136051283
CUST_0149,-0.6871721666686216,0.2502767105801962,-0.6972449340282998
CUST_0150,0.18142269646912595,-0.22805136562519845,0.29454524425777084
CUST_0151,-0.9908272814240943,-1.1847075180359878,-1.178972765156932
CUST_0152,-0.26346735538191546,0.2502767105801962,-0.6527429453038909
CUST_0153,-1.0402595094075433,1.2069328629909855,1.7924247127648276
CUST_0154,0.22379317759779657,-0.22805136562519845,0.8227646339596987
CUST_0155,0.49920130493415554,-0.22805136562519845,-0.5286176108818729
CUST_0156,-0.9555185471502021,-0.22805136562519845,-0.7841706346922938
CUST_0157,0.6474979888845027,-0.7063794418305931,-1.0290595641126823
CUST_0158,-0.807221863199855,-0.22805136562519845,-1.067878226175762
CUST_0159,0.6333744951749458,-1.6630355942413824,-1.2870892855744815
CUST_0160,0.17436094961434753,0.2502767105801962,-0.25472607548087334
CUST_0161,-0.8778393317476393,-1.6630355942413824,-1.4990289107102
CUST_0162,-0.5459372295730529,2.163589015401775,0.26468446203406054
CUST_0163,-0.4894432547348254,-1.1847075180359878,-1.2833063149293247
CUST_0164,-0.46119626731571167,0.7286047867855909,0.35929218335025226
CUST_0165,1.0005853316234246,-0.22805136562519845,-0.82530226674785
CUST_0166,-0.6589251792495079,-0.22805136562519845,-0.7475473425694757
CUST_0167,-0.92020981287631,-0.22805136562519845,-0.45133410070591007
CUST_0168,-0.29877608965580765,-0.7063794418305931,-0.5143084217699694
CUST_0169,0.8452269008182989,-1.6630355942413824,-1.1538337264089868
CUST_0170,2.109279587823639,-1.6630355942413824,-1.4787631775742796
CUST_0171,-0.418825786187041,1.2069328629909855,1.5328677113145712
CUST_0172,0.8099181665444067,-1.1847075180359878,-1.2661189659188279
CUST_0173,-0.7507278883616275,-1.1847075180359878,-1.0033340457939952
CUST_0174,0.8946591288017479,-1.6630355942413824,-1.554397752535356
CUST_0175,0.44270733009592805,-0.22805136562519845,0.3358750729530505
CUST_0176,-0.16460289941501738,-0.22805136562519845,-0.19135130596315275
CUST_0177,-0.6730486729590647,0.7286047867855909,-0.17747551359540154
CUST_0178,-0.6236164449756156,0.7286047867855909,-0.4475050024540655
CUST_0179,-0.46825801417049007,1.2069328629909855,0.7980949816270578
CUST_0180,-1.0331977625527649,2.163589015401775,0.9062966607031073
CUST_0181,-1.0331977625527649,-0.22805136562519845,-0.39571535876979824
CUST_0182,-0.27759084909147236,0.2502767105801962,-0.5651162063976014
CUST_0183,-0.92020981287631,1.2069328629909855,1.3021500950828004
CUST_0184,-0.06573844344811927,-1.6630355942413824,-1.2503504209865564
CUST_0185,-1.0120125219884295,-0.22805136562519845,-0.9210135023471058
CUST_0186,0.7604859385609577,-1.1847075180359878,-1.1672588875421748
CUST_0187,-0.969642040859759,2.163589015401775,3.9192601812181294
CUST_0188,-0.5247519890087176,-0.22805136562519845,0.30297341696539826
CUST_0189,2.2858232591930996,-1.1847075180359878,-0.6331600021263014
CUST_0190,-0.1716646462697958,-0.7063794418305931,-0.3881103864276716
CUST_0191,-0.6801104198138431,1.6852609391963802,0.5619297457351633
CUST_0192,-1.068506496826657,-0.22805136562519845,-1.1763739053823479
CUST_0193,-1.019074268843208,0.7286047867855909,-0.3812718420120464
CUST_0194,-0.8990245723119746,1.6852609391963802,2.2192135505350192
CUST_0195,-0.3905787987679273,1.2069328629909855,-0.12729070510644
CUST_0196,1.1418202687189931,-0.7063794418305931,-0.2526163710958882
CUST_0197,3.3945175153933143,-1.1847075180359878,-0.6044017203921014
CUST_0198,-0.8495923443285256,-0.22805136562519845,-0.8464276968172002
CUST_0199,-0.15754115256023893,0.7286047867855909,1.2274892688299308
CUST_0200,-0.34114657078447824,0.2502767105801962,0.5562737914997805
CUST_0201,0.40033684896725746,-0.22805136562519845,-0.4643187685400707
CUST_0202,0.026064265664000386,-0.7063794418305931,0.8574895976534513
CUST_0203,0.5839422671914968,-0.22805136562519845,0.2440780942641393
CUST_0204,1.60789556113437,0.7286047867855909,1.0546440576038638
CUST_0205,-0.3270230770749214,0.7286047867855909,2.1811506715661273
CUST_0206,-0.07986193715767614,1.6852609391963802,1.0836948187782698
CUST_0207,3.041430172654392,-1.1847075180359878,-1.378288126066785
CUST_0208,-0.41176403933226263,0.2502767105801962,-1.032605307066303
CUST_0209,0.5486335329176046,-0.7063794418305931,-0.7522589481097055
CUST_0210,-0.34114657078447824,-0.7063794418305931,-0.4941055438343702
CUST_0211,0.9511531036399754,-0.22805136562519845,0.47171276429949527
CUST_0212,-0.009244468609891792,-0.7063794418305931,-0.9473214450623205
CUST_0213,-0.807221863199855,0.2502767105801962,1.2794933298507787
CUST_0214,-0.9837655345693158,2.6419170916071697,0.015049458092620718
CUST_0215,-0.46119626731571167,0.2502767105801962,0.060498836892843535
CUST_0216,-0.19284988683413112,-0.22805136562519845,0.13860250605364696
CUST_0217,-0.08692368401245458,-0.22805136562519845,-0.17868192792415316
CUST_0218,-0.4965050015896038,-0.7063794418305931,-0.6362596759163505
CUST_0219,0.46389257066026335,0.7286047867855909,1.3332624054483968
CUST_0220,1.283055205814562,0.2502767105801962,0.4010670674155503
CUST_0221,-1.019074268843208,0.2502767105801962,-0.6449423108059248
CUST_0222,0.3226576335646947,2.6419170916071697,3.3775020855050135
CUST_0223,-0.856654091183304,-1.1847075180359878,-1.3159829087480837
CUST_0224,3.055553666363949,-0.7063794418305931,-1.1587323768598505
CUST_0225,-0.9555185471502021,-0.22805136562519845,0.0508961843534019
CUST_0226,-0.051614949738562406,-0.7063794418305931,0.1367513190248228
CUST_0227,-0.12223241828634676,-0.22805136562519845,-0.7241059011269885
CUST_0228,1.4313518897649091,-1.1847075180359878,-0.5570808786919833
CUST_0229,-0.4329492798965979,-0.22805136562519845,-0.32601857265199746
CUST_0230,-0.9413950534406452,-0.7063794418305931,-0.7968486299764985
CUST_0231,-0.969642040859759,0.2502767105801962,1.271449891796732
CUST_0232,-0.5600607232826097,-0.7063794418305931,-1.200324271188729
CUST_0233,2.172835309516645,-0.7063794418305931,0.11200715286599423
CUST_0234,-0.3835170519131489,-0.7063794418305931,-0.9996098751749454
CUST_0235,-0.6801104198138431,-0.7063794418305931,-0.6765802731290483
CUST_0236,-0.418825786187041,0.2502767105801962,0.023203906540783605
CUST_0237,2.335255487176549,0.2502767105801962,-0.5193130136471815
CUST_0238,1.4313518897649091,-0.7063794418305931,-0.6667145411624547
CUST_0239,-0.31996133022014295,3.5985732440179587,3.3348142803447227
CUST_0240,0.3226576335646947,-1.1847075180359878,-0.9298608786891357
CUST_0241,0.4921395580793771,-0.22805136562519845,0.46155658047980275
CUST_0242,1.7985627262133876,0.7286047867855909,0.33700139759106995
CUST_0243,-1.0261360156979864,1.6852609391963802,1.4748711165985549
CUST_0244,2.4482434368530037,-0.22805136562519845,-0.20716395091500459
CUST_0245,-0.5741842169921666,-0.22805136562519845,0.9241820065752392
CUST_0246,2.208144043790537,-0.22805136562519845,0.5002611907681059
CUST_0247,-0.26346735538191546,-0.7063794418305931,-1.0057118985739004
CUST_0248,-0.22109687425324484,0.2502767105801962,-0.8976774954341902
CUST_0249,-0.18578813997935267,0.7286047867855909,0.8303184097273696
CUST_0250,0.054311253083114124,-0.7063794418305931,-0.8380730241422067
CUST_0251,-0.48238150788004697,1.2069328629909855,1.4474733458132494
CUST_0252,0.5345100392080477,-0.22805136562519845,-0.2481475691117392
CUST_0253,-0.856654091183304,0.7286047867855909,0.39206964962759155
CUST_0254,-0.6094929512660588,0.2502767105801962,1.021322184188256
CUST_0255,0.8169799133991852,-0.22805136562519845,-0.986043796737811
CUST_0256,-0.757789635216406,0.2502767105801962,0.1307592922264307
CUST_0257,0.011940771954443515,1.2069328629909855,-0.8343772397426572
CUST_0258,-0.4753197610252685,-0.7063794418305931,-1.169408636772526
CUST_0259,-0.8425305974737471,0.7286047867855909,-0.30342871779451136
CUST_0260,-0.6871721666686216,-0.22805136562519845,1.1551079573822693
CUST_0261,0.23791667130735344,0.7286047867855909,-0.6295802970886359
CUST_0262,0.393275102112479,0.2502767105801962,0.6158782627917639
CUST_0263,-0.28465259594625075,-0.7063794418305931,0.3470435296359855
CUST_0264,-0.7083574072329569,1.2069328629909855,0.5807624816831086
CUST_0265,-0.01630621546467023,-0.22805136562519845,-0.46561034152732245
CUST_0266,1.0923880407355442,-1.1847075180359878,-1.398310548749848
CUST_0267,1.7350070045203818,-0.7063794418305931,-0.7595344375469208
CUST_0268,-0.5883077107017235,0.7286047867855909,0.0789133829999401
CUST_0269,-0.8284071037641902,-0.22805136562519845,0.46345642959919836
CUST_0270,-0.18578813997935267,-0.22805136562519845,1.31898210945277
CUST_0271,0.01900251880922195,-1.1847075180359878,-0.5091983953631855
CUST_0272,-1.0402595094075433,0.2502767105801962,0.6141365654667258
CUST_0273,1.106511534445101,1.2069328629909855,0.35628881994779277
CUST_0274,0.28028715243602403,0.2502767105801962,-0.15010815661670332
CUST_0275,-0.2705291022366939,-0.7063794418305931,0.06474612498553707
CUST_0276,-0.807221863199855,-0.22805136562519845,0.3692663912270782
CUST_0277,0.004879025099665079,-0.7063794418305931,-0.9827966159857173
CUST_0278,-0.7719131289259628,-0.7063794418305931,-1.2783889092977196
CUST_0279,0.25910191187168874,1.6852609391963802,-0.3443570842425763
CUST_0280,-1.068506496826657,0.7286047867855909,0.4140132110946752
CUST_0281,-0.7436661415068491,-0.7063794418305931,-0.21895741132371713
CUST_0282,1.8268097136325014,0.7286047867855909,1.4283410338702232
CUST_0283,0.5203865454984908,-0.7063794418305931,0.5747780583363684
CUST_0284,-0.5388754827182745,0.2502767105801962,-0.33362101051024
CUST_0285,-0.969642040859759,-0.7063794418305931,-0.3896376664161291
CUST_0286,1.268931712105005,0.2502767105801962,-0.15649353531388177
CUST_0287,1.3748579149266815,-0.22805136562519845,-0.49339538145009254
CUST_0288,0.393275102112479,1.2069328629909855,-0.225365600375851
CUST_0289,-0.3340848239296998,1.6852609391963802,-0.11759275597296247
CUST_0290,0.47801606436982025,-0.7063794418305931,-0.5370123284022326
CUST_0291,0.7746094322705145,-1.1847075180359878,-1.3680194111626458
CUST_0292,-0.5600607232826097,-0.7063794418305931,-0.7852584351752774
CUST_0293,-0.7789748757807412,1.2069328629909855,0.2540639607668315
CUST_0294,-0.418825786187041,0.7286047867855909,1.5974519365417044
CUST_0295,-0.46825801417049007,0.2502767105801962,0.5202258272186154
CUST_0296,1.38191966178146,-1.1847075180359878,-0.4138936909789123
CUST_0297,-0.10810892457678989,0.2502767105801962,0.2308110849253085
CUST_0298,3.133232881766512,-0.7063794418305931,-0.5048167796246439
CUST_0299,0.5133247986437124,-0.7063794418305931,0.34030078871117253
CUST_0300,-0.34114657078447824,2.163589015401775,1.3624860184236867
CUST_0301,-0.16460289941501738,-1.6630355942413824,-1.5569408536644935
CUST_0302,0.36502811469336527,-0.22805136562519845,-0.7195494060004555
CUST_0303,0.1461139621952338,-1.1847075180359878,-1.1708117270506708
CUST_0304,-0.256405608527137,-0.22805136562519845,-0.27863234126767383
CUST_0305,0.5768805203367183,0.2502767105801962,0.07143919002622466
CUST_0306,-0.870777584892861,0.2502767105801962,0.14224912146584812
CUST_0307,0.07549649364744944,-0.7063794418305931,-1.0734748734882609
CUST_0308,-0.5600607232826097,-0.7063794418305931,-0.22993730240568752
CUST_0309,-0.369393558203592,0.2502767105801962,-0.9179097733828427
CUST_0310,1.3607344212171246,-0.7063794418305931,-1.2717708649799964
CUST_0311,-0.06573844344811927,-0.7063794418305931,-1.204854407682869
CUST_0312,-0.4753197610252685,0.2502767105801962,-0.1325796660754294
CUST_0313,-1.0543830031171002,0.2502767105801962,0.7264552601638347
CUST_0314,0.46389257066026335,0.2502767105801962,0.3937768779718082
CUST_0315,1.7632539919394954,-0.7063794418305931,-0.352519136142391
CUST_0316,-0.6871721666686216,-0.7063794418305931,0.07118320715394738
CUST_0317,-0.9343333065858668,-0.7063794418305931,-0.8571881015948223
CUST_0318,-0.6801104198138431,0.7286047867855909,-0.07287584301519605
CUST_0319,1.480784117748358,-1.1847075180359878,-0.15550305901204106
CUST_0320,2.532984399110345,-1.1847075180359878,0.6705521491359457
CUST_0321,-0.0021827217551133563,-0.7063794418305931,-0.8420116120978371
CUST_0322,0.7816711791252929,-0.22805136562519845,0.15108838745944972
CUST_0323,0.4285838363863712,-1.1847075180359878,-0.6954581228901279
CUST_0324,-0.6659869261042862,-0.7063794418305931,-0.5165017641231241
CUST_0325,0.393275102112479,-0.22805136562519845,-0.537082280157429
CUST_0326,-0.4329492798965979,-0.22805136562519845,-0.48824683088827303
CUST_0327,-0.9413950534406452,0.2502767105801962,0.7942141799039811
CUST_0328,1.0288323190425381,0.2502767105801962,0.33958352977202005
CUST_0329,-0.07986193715767614,0.2502767105801962,0.9941357893588706
CUST_0330,-0.7930983694902981,-1.1847075180359878,-1.4463380045568066
CUST_0331,-0.4329492798965979,2.163589015401775,1.972128237380815
CUST_0332,-0.037491456029005533,-0.22805136562519845,0.3966844378834551
CUST_0333,-0.6659869261042862,0.2502767105801962,0.15974922578762232
CUST_0334,0.8099181665444067,0.2502767105801962,-0.12316000327240767
CUST_0335,-0.04455320288378397,0.2502767105801962,0.10890798597272217
CUST_0336,0.5768805203367183,-0.7063794418305931,-1.414227614437718
CUST_0337,0.6263127483201674,-1.1847075180359878,-1.418307119697295
CUST_0338,-0.4753197610252685,-0.7063794418305931,0.15329085395458653
CUST_0339,-0.969642040859759,-0.22805136562519845,0.17062621682390514
CUST_0340,-0.12929416514112518,-1.1847075180359878,-1.0636476656767027
CUST_0341,1.1488820155737716,-1.1847075180359878,-0.5699976223580546
CUST_0342,0.5910040140462752,-0.7063794418305931,-0.22101541223746987
CUST_0343,1.6008338142795915,0.2502767105801962,-0.4787298439041082
CUST_0344,-0.9625802940049806,1.2069328629909855,-0.17795351725591113
CUST_0345,-0.6024312044112804,-0.7063794418305931,-1.112919553070672
CUST_0346,-0.37645530505837044,2.163589015401775,0.7285685128262573
CUST_0347,-1.0049507751336513,-0.7063794418305931,-1.1634110341095893
CUST_0348,0.23085492445257502,-0.7063794418305931,0.25914864233477586
CUST_0349,0.5133247986437124,-0.22805136562519845,0.41527183579143595
CUST_0350,-0.7648513820711844,-1.1847075180359878,-0.5887127582537854
CUST_0351,-0.01630621546467023,-1.6630355942413824,-0.7627633700150502
CUST_0352,-0.8637158380380825,0.2502767105801962,0.5051314549994694
CUST_0353,1.1841907498476638,-0.22805136562519845,-0.7947515980109332
CUST_0354,-0.28465259594625075,-1.1847075180359878,-0.6592961068341855
CUST_0355,-0.9413950534406452,0.2502767105801962,0.4453521043194949
CUST_0356,-0.8213453569094119,1.6852609391963802,2.615970274970945
CUST_0357,-0.9484568002954237,0.7286047867855909,1.9552369160879612
CUST_0358,-0.27759084909147236,1.6852609391963802,2.943328268593822
CUST_0359,0.20260793703346128,-1.1847075180359878,-1.1763181467369015
CUST_0360,2.243452778064429,0.7286047867855909,0.5176183501988261
CUST_0361,-0.7789748757807412,2.6419170916071697,0.9565027588566939
CUST_0362,-1.0049507751336513,-0.22805136562519845,0.03375496294959275
CUST_0363,-0.6306781918303941,-0.7063794418305931,-1.0196510530387497
CUST_0364,-0.369393558203592,0.7286047867855909,0.9478718274383519
CUST_0365,1.5160928520222503,0.2502767105801962,1.2489041369588259
CUST_0366,-0.3905787987679273,-0.22805136562519845,-0.6596022724873645
CUST_0367,-0.9908272814240943,1.6852609391963802,1.8681890533007623
CUST_0368,-0.8213453569094119,0.2502767105801962,-0.32737350773634755
CUST_0369,-0.18578813997935267,0.2502767105801962,0.776090085649983
CUST_0370,0.6263127483201674,0.7286047867855909,1.4247040494967806
CUST_0371,-0.6942339135234,1.6852609391963802,2.4756571919822536
CUST_0372,-0.14341765885068206,-0.7063794418305931,-0.12673210485842137
CUST_0373,0.10374348106656317,-0.7063794418305931,-0.29942423325789874
CUST_0374,0.4285838363863712,-0.7063794418305931,-0.7822292200372017
CUST_0375,-0.8637158380380825,0.7286047867855909,-0.19768802256975954
CUST_0376,-1.068506496826657,0.7286047867855909,-0.5626126432170532
CUST_0377,-0.8919628254571962,0.2502767105801962,-0.3141962191270081
CUST_0378,0.880535635092191,-1.6630355942413824,-0.9327806041234256
CUST_0379,1.0641410533164304,0.2502767105801962,1.2147048252226005
CUST_0380,-0.5459372295730529,0.7286047867855909,0.9005504788414567
CUST_0381,-0.3270230770749214,1.2069328629909855,2.1656695371062944
CUST_0382,-0.46825801417049007,0.7286047867855909,0.5078418320649465
CUST_0383,-0.9767037877145375,-0.22805136562519845,-0.7937474354961194
CUST_0384,-0.8001601163450766,-0.22805136562519845,-0.3581685007196754
CUST_0385,1.4242901429101307,-0.22805136562519845,-1.167559984227586
CUST_0386,1.83387146048728,-0.7063794418305931,-0.734211902165779
CUST_0387,-0.8495923443285256,1.2069328629909855,1.8092121202184404
CUST_0388,-0.06573844344811927,0.7286047867855909,2.200134462753555
CUST_0389,-0.8354688506189687,0.2502767105801962,1.218586133842454
CUST_0390,-0.28465259594625075,0.7286047867855909,0.42590906465229866
CUST_0391,-0.256405608527137,2.163589015401775,0.14646853023581843
CUST_0392,-0.5600607232826097,-0.7063794418305931,-0.8875968392342387
CUST_0393,-0.5247519890087176,0.2502767105801962,0.08483495114635907
CUST_0394,-0.12223241828634676,1.2069328629909855,2.128120651469064
CUST_0395,-0.9555185471502021,2.163589015401775,0.758677674470593
CUST_0396,-0.7930983694902981,1.2069328629909855,1.297854144899536
CUST_0397,-0.6589251792495079,0.7286047867855909,0.7763409995544921
CUST_0398,0.37915160840292217,0.2502767105801962,-0.46102850156195013
CUST_0399,0.4073985958220359,0.2502767105801962,-0.0453569239002388
CUST_0400,-0.22109687425324484,-1.1847075180359878,-0.9019987904562943
CUST_0401,0.19554619017868283,1.2069328629909855,1.4347324953287228
CUST_0402,-0.9272715597310884,1.2069328629909855,0.840553162547464
CUST_0403,-0.27759084909147236,0.2502767105801962,-0.2634376034867244
CUST_0404,-0.3482083176392567,-0.7063794418305931,-1.1101584863275165
CUST_0405,-0.4047022924774842,-0.7063794418305931,-0.3040907249849943
CUST_0406,-0.6024312044112804,0.2502767105801962,1.110363671998556
CUST_0407,1.0853262938807657,-0.7063794418305931,-0.9168594832613413
CUST_0408,0.1884844433239044,0.7286047867855909,-0.4975864040005626
CUST_0409,0.18142269646912595,-0.7063794418305931,-0.5660641033701919
CUST_0410,-0.19284988683413112,2.163589015401775,2.2169669840203015
CUST_0411,2.582416627093794,-1.1847075180359878,-0.5558516540082762
CUST_0412,-0.36233181134881354,0.2502767105801962,0.060501878273504325
CUST_0413,-0.6942339135234,1.6852609391963802,1.495761346563476
CUST_0414,0.5556952797723831,0.2502767105801962,0.21130671074812116
CUST_0415,-0.8425305974737471,-0.22805136562519845,-0.13918909314794733
CUST_0416,-0.9484568002954237,-0.7063794418305931,0.19750593910333433
CUST_0417,1.6290808016987053,-1.6630355942413824,-1.217252089049511
CUST_0418,-0.5883077107017235,-1.6630355942413824,-1.2835242805433427
CUST_0419,-0.7436661415068491,1.2069328629909855,0.7132992612191202
CUST_0420,-0.24934386167235859,1.6852609391963802,1.9093247405305322
CUST_0421,-0.8637158380380825,-0.22805136562519845,-0.3608266674171434
CUST_0422,-0.2917143428010292,0.2502767105801962,1.1628158297700832
CUST_0423,-0.4329492798965979,-0.22805136562519845,-0.21013842120118706
CUST_0424,-0.20697338054368797,-0.7063794418305931,0.20393744540720013
CUST_0425,-0.7789748757807412,-0.22805136562519845,0.49836235544226376
CUST_0426,0.17436094961434753,-0.7063794418305931,-0.8529088790051913
CUST_0427,3.443949743376763,-1.1847075180359878,-1.4322792224526355
CUST_0428,1.494907611457915,-0.22805136562519845,-0.18126456700187993
CUST_0429,1.6149573079891484,-1.6630355942413824,-1.2268202726081314
CUST_0430,-0.01630621546467023,-1.1847075180359878,-1.274892842228224
CUST_0431,-0.7860366226355197,-0.22805136562519845,-0.2607601747117386
CUST_0432,-0.9978890282788727,-0.22805136562519845,0.04432173315848234
CUST_0433,-0.4400110267513763,-1.1847075180359878,-1.0619890994230576
CUST_0434,-0.4541345204609332,0.2502767105801962,0.07857883112726131
CUST_0435,-0.757789635216406,0.7286047867855909,-0.5530464872455403
CUST_0436,0.06137299993789256,-0.22805136562519845,0.18928863545485022
CUST_0437,-0.8849010786024177,0.7286047867855909,-0.7875957362130395
CUST_0438,-0.19284988683413112,0.7286047867855909,0.4716782953186738
CUST_0439,-0.6730486729590647,0.7286047867855909,-0.3748727771018947
CUST_0440,2.1234030815331955,-0.7063794418305931,-1.022989475210665
CUST_0441,-0.9978890282788727,0.2502767105801962,1.1745281866945099
CUST_0442,-0.531813735863496,0.2502767105801962,-0.5747553555049717
CUST_0443,-0.15754115256023893,-0.22805136562519845,-0.718009960489355
CUST_0444,-0.7507278883616275,0.2502767105801962,-0.4934465780245479
CUST_0445,0.12492872163089848,1.6852609391963802,1.3070254282819322
CUST_0446,-0.5247519890087176,1.2069328629909855,2.505808426059063
CUST_0447,-0.19284988683413112,1.2069328629909855,0.6310218039982579
CUST_0448,-0.3482083176392567,0.7286047867855909,1.5936806245224138
CUST_0449,0.10374348106656317,-0.22805136562519845,-0.6907105276787463
CUST_0450,-0.3340848239296998,-0.22805136562519845,0.6854483247153681
CUST_0452,0.6263127483201674,-1.6630355942413824,-0.8974017435876183
CUST_0453,1.2971786995241188,0.7286047867855909,0.492357656224452
CUST_0454,-0.8495923443285256,-0.22805136562519845,-0.4514451111000262
CUST_0455,-0.9484568002954237,0.2502767105801962,-1.0537226267872248
CUST_0456,0.34384287412903,0.7286047867855909,0.4305785977600552
CUST_0457,-1.0331977625527649,0.2502767105801962,0.36962071207405217
CUST_0458,-0.4329492798965979,-1.1847075180359878,-1.1816299180608463
CUST_0459,0.3014723930003594,-0.22805136562519845,-0.18711263511566467
CUST_0460,-0.9343333065858668,-1.1847075180359878,-1.061978961487522
CUST_0461,2.130464828387974,-1.1847075180359878,-0.6511087100955314
CUST_0462,-1.0473212562623218,2.163589015401775,2.796775793179666
CUST_0463,-0.7860366226355197,-0.22805136562519845,-0.44975866552365784
CUST_0464,-0.7012956603781785,2.6419170916071697,2.5718383208935904
CUST_0465,-0.7930983694902981,-0.7063794418305931,-0.18626763818876182
CUST_0466,2.109279587823639,-0.22805136562519845,-0.8666696058046119
CUST_0467,-0.5529989764278314,1.6852609391963802,0.37902668866410066
CUST_0468,0.9794000910590892,-1.6630355942413824,-0.8734371846714873
CUST_0469,-0.27759084909147236,-1.1847075180359878,-0.365277221117328
CUST_0470,-0.969642040859759,0.7286047867855909,1.8013744822557682
CUST_0471,-0.46119626731571167,1.2069328629909855,1.5093112043037538
CUST_0472,3.034368425799614,-1.1847075180359878,-1.0929528890330553
CUST_0473,1.3889814086362384,-0.7063794418305931,-0.7320915529484815
CUST_0474,3.507505465069769,-1.1847075180359878,0.13783405054003858
CUST_0475,-0.5388754827182745,0.7286047867855909,1.4590098095561312
CUST_0476,1.6008338142795915,0.2502767105801962,1.3505440372593756
CUST_0477,-0.8284071037641902,-0.7063794418305931,-0.7817983577769334
CUST_0478,1.0782645470259873,-0.7063794418305931,-0.8397969800800574
CUST_0479,1.1135732812998795,-0.7063794418305931,-0.2195378081331376
CUST_0480,0.13199046848567692,0.2502767105801962,0.02976365772917668
CUST_0481,-0.6801104198138431,-1.6630355942413824,-1.4163388395130334
CUST_0482,-1.019074268843208,-1.1847075180359878,-1.3934139258860911
CUST_0483,-0.9978890282788727,-0.7063794418305931,-1.1733604040443528
CUST_0484,-0.7154191540877354,1.6852609391963802,1.7549407099150274
CUST_0485,2.172835309516645,-0.22805136562519845,0.330306304963275
CUST_0486,0.44270733009592805,-0.7063794418305931,-0.36826487071970704
CUST_0487,1.38191966178146,-0.7063794418305931,-0.42842996984681614
CUST_0488,0.3226576335646947,-1.6630355942413824,-1.0104676041337104
CUST_0489,-0.644801685539951,0.2502767105801962,0.9929724612561459
CUST_0490,-0.18578813997935267,0.7286047867855909,-0.5760530112535449
CUST_0491,0.5062630517889339,0.2502767105801962,-0.48228825927714886
CUST_0492,0.22379317759779657,-0.22805136562519845,-0.1402125177402792
CUST_0493,-0.4753197610252685,-0.7063794418305931,0.041207866258683244
CUST_0494,-0.8637158380380825,0.2502767105801962,0.4003173670826832
CUST_0495,0.16023745590479066,-1.1847075180359878,-0.44075617876793133
CUST_0496,-0.17872639312457425,0.7286047867855909,-0.28131686659753463
CUST_0497,-0.856654091183304,0.2502767105801962,0.18988575985790418
CUST_0498,0.29441064614558093,0.7286047867855909,0.13691910185793896
CUST_0499,-0.01630621546467023,-0.7063794418305931,-0.6624317702953862
CUST_0500,-0.6871721666686216,1.6852609391963802,0.3271752035730655
CUST_0501,0.92996786307564,-1.1847075180359878,-0.7347846955235476
CUST_0502,-0.09398543086723302,-0.7063794418305931,-0.2860000859182642
CUST_0503,-0.4047022924774842,0.7286047867855909,0.1696200267219842
CUST_0504,-0.46119626731571167,0.2502767105801962,1.3271466958364688
CUST_0505,0.1884844433239044,-1.1847075180359878,-1.0108492974066305
CUST_0506,-0.6094929512660588,-1.6630355942413824,-1.4961213507985531
CUST_0507,-0.12223241828634676,0.2502767105801962,1.3530222556010847
CUST_0508,-0.009244468609891792,-0.22805136562519845,-0.46557181737228653
CUST_0509,0.23085492445257502,0.2502767105801962,-0.7373262759623546
CUST_0510,-1.0402595094075433,0.7286047867855909,1.6807381183483723
CUST_0511,-0.7224809009425137,-1.1847075180359878,-0.8999661343813806
CUST_0512,-1.0402595094075433,0.2502767105801962,-0.6595804759259627
CUST_0513,0.9723383442043108,-0.22805136562519845,-0.19631078402723096
CUST_0514,-0.7154191540877354,0.2502767105801962,-0.48412373250589236
CUST_0515,0.07549649364744944,-0.7063794418305931,-0.161320206422442
CUST_0516,-0.5035667484443823,-1.6630355942413824,-1.4908658450168317
CUST_0517,-0.5529989764278314,-0.7063794418305931,-0.023103141605761914
CUST_0518,-0.969642040859759,-0.7063794418305931,1.0974256386678598
CUST_0519,1.5302163457318072,0.2502767105801962,-0.24951821799616972
CUST_0520,-0.9767037877145375,0.2502767105801962,0.1292624260445805
CUST_0521,-0.870777584892861,-0.22805136562519845,0.05287510936997608
CUST_0522,-1.0473212562623218,-0.7063794418305931,-0.9830120471158516
CUST_0523,-0.6306781918303941,-1.1847075180359878,-0.5553452641282666
CUST_0524,-0.9060863191667531,1.6852609391963802,1.3354410477950247
CUST_0525,-0.6801104198138431,1.2069328629909855,0.280685672586877
CUST_0526,-0.581245963846945,0.7286047867855909,-0.49891650114285
CUST_0527,1.4101666492005738,-0.7063794418305931,-0.03243916644061398
CUST_0528,-0.7507278883616275,0.2502767105801962,0.16125116093724032
CUST_0529,2.2999467529026565,-0.22805136562519845,-1.0979696464329103
CUST_0530,-0.13635591199590363,0.2502767105801962,-0.40436859364631894
CUST_0531,1.7844392325038307,-0.7063794418305931,0.10278264532203539
CUST_0532,0.47801606436982025,0.2502767105801962,-0.29264144748771975
CUST_0533,-0.9978890282788727,0.2502767105801962,0.015227885758049555
CUST_0534,1.2477464715406696,-0.22805136562519845,0.4106458958064831
CUST_0535,-0.6094929512660588,0.7286047867855909,0.03288208669996668
CUST_0536,0.47801606436982025,-0.7063794418305931,-0.5453583838320207
CUST_0537,-0.4258875330418195,0.2502767105801962,-0.07017459009170124
CUST_0538,-0.5176902421539391,-0.7063794418305931,-1.1528843087460656
CUST_0539,-0.7507278883616275,0.2502767105801962,0.11419644004493484
CUST_0540,0.4709543175150418,-0.22805136562519845,-0.32686154199179335
CUST_0541,-0.595369457556502,-0.22805136562519845,-0.698511669073489
CUST_0542,0.7887329259800714,-0.7063794418305931,-0.6227534112988765
CUST_0543,-0.29877608965580765,-0.7063794418305931,-0.8754287821074811
CUST_0544,1.283055205814562,-1.6630355942413824,-1.504026912929314
CUST_0545,-0.9413950534406452,-0.7063794418305931,-0.269981640875037
CUST_0546,0.9370296099304185,0.2502767105801962,0.3170063473339534
CUST_0547,-0.10810892457678989,1.6852609391963802,2.0520040176732635
CUST_0548,1.4595988771840227,0.7286047867855909,0.8097475247318235
CUST_0549,-0.4965050015896038,2.6419170916071697,2.6538978125004347
CUST_0550,0.09668173421178473,-1.6630355942413824,-1.1409453689624156
CUST_0551,0.3085341398551378,-0.22805136562519845,-0.2943856792966418
CUST_0552,-0.3905787987679273,-0.22805136562519845,-0.4317597747735262
CUST_0553,0.20260793703346128,2.163589015401775,1.1688103910523595
CUST_0554,0.2096696838882397,0.2502767105801962,-0.8749097198080517
CUST_0555,0.8522886476730773,-0.7063794418305931,-0.6251484985691923
CUST_0556,-0.07986193715767614,1.6852609391963802,1.3279724306858538
CUST_0557,-0.9343333065858668,1.2069328629909855,1.2912655005948661
CUST_0558,-0.5671224701373881,1.2069328629909855,1.1542198742293392
CUST_0559,2.3493789808861054,-1.1847075180359878,-1.0960231628100505
CUST_0560,-0.8284071037641902,2.6419170916071697,1.965703827631824
CUST_0561,-0.44707277360615477,1.2069328629909855,2.0069596493976927
CUST_0562,-0.19991163368890955,0.7286047867855909,-0.32255494697621606
CUST_0563,0.10374348106656317,0.7286047867855909,0.3318908642875094
CUST_0564,-0.3482083176392567,0.2502767105801962,-0.12203317173761151
CUST_0565,-0.6942339135234,0.7286047867855909,1.3219570866357293
CUST_0566,-1.0049507751336513,1.6852609391963802,1.1753711560343059
CUST_0567,-0.21403512739846642,-0.7063794418305931,-0.06290670410613768
CUST_0568,-0.5529989764278314,0.2502767105801962,0.7172834698846613
CUST_0569,0.03312601251877882,-0.7063794418305931,-1.152544687905619
CUST_0570,-0.5529989764278314,-0.7063794418305931,-0.24135717988990854
CUST_0571,-0.7224809009425137,-0.7063794418305931,0.12227586777013336
CUST_0572,-0.8637158380380825,-0.7063794418305931,-1.3552293916907712
CUST_0573,0.7604859385609577,1.6852609391963802,1.1126274730036843
CUST_0574,-1.0543830031171002,1.6852609391963802,1.5710005420386595
CUST_0575,0.29441064614558093,0.7286047867855909,0.16483542804589696
CUST_0576,-0.7719131289259628,0.7286047867855909,-0.2133364329659327
CUST_0577,-0.7789748757807412,0.2502767105801962,-0.26195949248561523
CUST_0578,-0.8142836100546335,-0.7063794418305931,-0.37959097230022265
CUST_0579,-0.8001601163450766,0.7286047867855909,0.20159507540167057
CUST_0580,0.13199046848567692,-1.6630355942413824,-1.056957135119899
CUST_0581,-0.19991163368890955,-0.7063794418305931,-0.1621079240135681
CUST_0582,0.5415717860628262,-0.7063794418305931,-0.9043736018555385
CUST_0583,-0.6801104198138431,-0.7063794418305931,-0.31450339857374077
CUST_0584,-1.0120125219884295,-0.7063794418305931,0.8924157993675885
CUST_0585,-0.26346735538191546,0.7286047867855909,0.29715272127756026
CUST_0586,-0.7648513820711844,0.7286047867855909,-0.08027805664660789
CUST_0587,-0.5459372295730529,0.7286047867855909,-0.5348722102106404
CUST_0588,0.047249506228335694,-0.7063794418305931,-0.4861715954841093
CUST_0589,-0.4894432547348254,-0.22805136562519845,-0.7641380740736949
CUST_0590,-1.0402595094075433,-0.7063794418305931,-0.6840504109285496
CUST_0591,-0.644801685539951,0.7286047867855909,0.16079089866391816
CUST_0592,1.8974271821802857,0.2502767105801962,-0.08249877142570922
CUST_0593,2.0457238661306327,-1.6630355942413824,-1.0916998402008393
CUST_0594,-0.1504794057054605,0.7286047867855909,-0.38629417527644583
CUST_0595,0.11786697477612004,-1.1847075180359878,-0.2380542404923683
CUST_0596,-1.0614447499718787,0.2502767105801962,-0.23707086074540262
CUST_0597,-0.5600607232826097,0.2502767105801962,-0.18217799499364906
CUST_0598,1.3889814086362384,0.2502767105801962,-0.6631419326796638
CUST_0599,-0.5247519890087176,-1.6630355942413824,-1.0561420451028265
CUST_0600,-0.9625802940049806,0.2502767105801962,-0.010381553198753385
CUST_0601,-0.6165546981208372,1.6852609391963802,0.22238544670156513
CUST_0602,0.11786697477612004,-0.22805136562519845,-1.2261917206049162
CUST_0603,-0.8849010786024177,-0.7063794418305931,0.2619801677299048
CUST_0604,-0.8425305974737471,-0.22805136562519845,-0.3795113895062672
CUST_0605,-1.068506496826657,-0.22805136562519845,0.2428772557999322
CUST_0606,0.5274482923532693,-1.1847075180359878,-1.3005027880818034
CUST_0607,-0.5529989764278314,-0.22805136562519845,-0.430829619188123
CUST_0608,-0.37645530505837044,-0.7063794418305931,-0.9567340113104672
CUST_0609,-1.0261360156979864,-0.22805136562519845,-0.906422985524086
CUST_0610,1.7138217639560465,-0.7063794418305931,-0.4747263731610492
CUST_0611,0.37915160840292217,1.2069328629909855,1.3084269978697467
CUST_0612,-0.051614949738562406,-0.22805136562519845,-0.7060760896734726
CUST_0613,-0.6942339135234,-1.1847075180359878,-0.9145130580815971
CUST_0614,-0.11517067143156832,1.2069328629909855,0.3658620724741809
CUST_0615,-0.24228211481758016,0.2502767105801962,0.11466227818280167
CUST_0616,0.08255824050222786,-1.6630355942413824,-1.207040146584372
CUST_0617,-0.31996133022014295,1.2069328629909855,0.23325534118297261
CUST_0618,-0.9343333065858668,0.7286047867855909,0.09803200872999313
CUST_0619,0.9017208756565264,-0.7063794418305931,-0.5281056451373185
CUST_0620,3.9029632889373618,-0.7063794418305931,-1.0883269490481027
CUST_0621,-0.28465259594625075,-1.1847075180359878,-1.4107558784135077
CUST_0622,-0.01630621546467023,0.7286047867855909,0.3649653720760456
CUST_0623,1.1983142435572207,0.2502767105801962,1.0733566590157106
CUST_0624,-0.4258875330418195,-0.22805136562519845,-0.06676520237103575
CUST_0625,-0.5741842169921666,0.7286047867855909,-0.39310484036934823
CUST_0626,-0.6024312044112804,1.2069328629909855,0.8861713379743567
CUST_0627,0.7463624448514008,-0.7063794418305931,0.19665638010544056
CUST_0628,0.9864618379138675,-0.22805136562519845,0.9871674793683878
CUST_0629,-0.17872639312457425,0.2502767105801962,0.11981944598982647
CUST_0630,1.5372780925865857,-0.7063794418305931,-0.001219393958338884
CUST_0631,-0.9625802940049806,0.7286047867855909,0.4406906815601671
CUST_0632,-0.7224809009425137,0.2502767105801962,-0.13588007098908572
CUST_0633,-0.41176403933226263,-0.7063794418305931,-0.6636016880562091
CUST_0634,-0.5035667484443823,3.120245167812564,2.3395959591572457
CUST_0635,-0.7789748757807412,1.2069328629909855,0.9454453125678752
CUST_0636,2.6600958424963568,-0.7063794418305931,0.792562710205211
CUST_0637,0.5486335329176046,-0.22805136562519845,-0.08865604657333358
CUST_0638,-1.0049507751336513,0.2502767105801962,-0.6721251573578726
CUST_0639,0.40033684896725746,0.2502767105801962,-0.33537994232568885
CUST_0640,-0.8637158380380825,0.7286047867855909,0.2775398711901403
CUST_0641,-0.92020981287631,-0.7063794418305931,0.9194729355188934
CUST_0642,0.38621335525770056,-1.6630355942413824,-1.3702527983611668
CUST_0643,-0.41176403933226263,-0.7063794418305931,-1.005439695004766
CUST_0644,-0.3340848239296998,3.120245167812564,2.6588537422870755
CUST_0645,0.8240416602539635,-0.7063794418305931,-1.2063102152257996
CUST_0646,-1.0331977625527649,1.6852609391963802,1.7264095179368275
CUST_0647,2.434119943143447,-1.1847075180359878,-0.5842926183602078
CUST_0648,1.9468594101637349,-1.6630355942413824,-1.3321301055726145
CUST_0649,-0.17872639312457425,2.163589015401775,1.456551360188717
CUST_0650,-0.3482083176392567,1.2069328629909855,1.3810490852863817
CUST_0651,-0.4047022924774842,1.6852609391963802,0.9550504995912007
CUST_0652,-0.7224809009425137,2.163589015401775,1.1757310527458242
CUST_0653,-0.4047022924774842,-0.22805136562519845,-0.4652083723833308
CUST_0654,-1.0331977625527649,0.2502767105801962,0.19761593570389727
CUST_0655,0.9017208756565264,-0.22805136562519845,1.2546629912398963
CUST_0656,-0.07986193715767614,0.7286047867855909,1.5784377315476694
CUST_0657,-0.18578813997935267,1.2069328629909855,1.500117110566402
CUST_0658,-1.0543830031171002,1.2069328629909855,0.9000157027419472
CUST_0659,0.19554619017868283,-0.7063794418305931,-0.08948127452594198
CUST_0660,4.030074732323373,-1.6630355942413824,-1.1722153242255924
CUST_0661,-0.418825786187041,-0.7063794418305931,0.0693578718607396
CUST_0662,-0.6165546981208372,1.2069328629909855,1.4081168662699992
CUST_0663,-0.9767037877145375,0.7286047867855909,-0.4693177845527382
CUST_0664,-0.6024312044112804,0.7286047867855909,-0.7644112914363829
CUST_0666,-0.6377399386851725,-0.22805136562519845,0.1225156299455535
CUST_0667,-1.068506496826657,2.6419170916071697,3.211380860023019
CUST_0668,-0.4965050015896038,1.6852609391963802,1.4832404892800752
CUST_0669,2.179897056371423,0.2502767105801962,0.10874882038481126
CUST_0670,-0.10810892457678989,1.6852609391963802,0.9511854116682044
CUST_0671,0.068434746792671,-0.7063794418305931,0.33908879851787643
CUST_0672,3.7829135924061283,-1.6630355942413824,-1.533461901860524
CUST_0673,1.4313518897649091,-0.7063794418305931,-1.0236697306851124
CUST_0674,1.0641410533164304,-0.22805136562519845,-0.7871567636043425
CUST_0675,2.9213804761231588,-0.7063794418305931,-0.6241027705186819
CUST_0676,1.3042404463788972,-1.1847075180359878,-0.5073918152507187
CUST_0677,-0.8001601163450766,-0.7063794418305931,0.12069739120722052
CUST_0678,-0.8425305974737471,-1.1847075180359878,-1.448560240026238
CUST_0679,-1.0473212562623218,0.2502767105801962,2.6108313554478846
CUST_0680,-0.8425305974737471,0.2502767105801962,-0.021065923459857222
CUST_0681,-0.595369457556502,-0.7063794418305931,0.6554222941424249
CUST_0682,0.31559588670991623,-0.22805136562519845,-0.7990556585426266
CUST_0683,-0.807221863199855,-0.7063794418305931,0.2595911632209106
CUST_0684,0.054311253083114124,-0.22805136562519845,-0.5367492489750804
CUST_0685,-0.6589251792495079,0.2502767105801962,0.12437239283892197
CUST_0686,-0.8778393317476393,-0.22805136562519845,-0.6732322199183741
CUST_0687,0.12492872163089848,-0.22805136562519845,0.7279348918552743
CUST_0688,-0.46825801417049007,-0.22805136562519845,0.5377102177403086
CUST_0689,-0.9908272814240943,-0.7063794418305931,0.3818906554529438
CUST_0690,0.28028715243602403,-1.6630355942413824,-1.5558763704332421
CUST_0691,1.5725868268604777,-0.22805136562519845,0.6487870153342912
CUST_0692,-0.3905787987679273,-0.7063794418305931,-0.5319185226923059
CUST_0693,-0.9343333065858668,-0.22805136562519845,1.319722685643655
CUST_0694,-1.0120125219884295,0.7286047867855909,0.4096584608853034
CUST_0695,1.706760017101268,-1.1847075180359878,-1.2009300128369886
CUST_0696,-0.28465259594625075,-0.7063794418305931,-0.548746988784838
CUST_0697,-0.9908272814240943,0.7286047867855909,1.2850909909568307
CUST_0698,-0.2917143428010292,0.7286047867855909,1.4159458869874653
CUST_0699,-0.5883077107017235,1.2069328629909855,1.450270402227557
CUST_0700,0.5980657609010537,0.2502767105801962,0.4940299086910703
CUST_0701,-0.3905787987679273,-0.22805136562519845,0.587905671061583
CUST_0702,-0.4047022924774842,1.6852609391963802,2.67398461107415
CUST_0703,0.03312601251877882,0.7286047867855909,0.4461580701945853
CUST_0704,-0.08692368401245458,-0.22805136562519845,-1.1111129729582052
CUST_0705,0.718115457432287,-0.7063794418305931,-0.562221825802151
CUST_0706,-0.2352203679628017,-0.7063794418305931,-0.28420921960587775
CUST_0707,0.5556952797723831,-0.7063794418305931,-1.2213356494833023
CUST_0708,-0.595369457556502,-1.6630355942413824,-1.1945623755269978
CUST_0709,-0.5529989764278314,0.2502767105801962,0.478396198301424
CUST_0710,0.9794000910590892,-0.22805136562519845,-0.43373363082233235
CUST_0711,1.5725868268604777,0.2502767105801962,0.3334303097986095
CUST_0712,2.342317234031327,-1.6630355942413824,-1.4530797316880657
CUST_0713,-0.92020981287631,0.7286047867855909,2.9938501634393457
CUST_0714,1.8126862199229445,-0.7063794418305931,-0.3165167925711364
CUST_0715,-0.8354688506189687,-1.1847075180359878,-0.910215080311225
CUST_0716,-0.5741842169921666,-0.22805136562519845,2.169299424924861
CUST_0717,-0.6024312044112804,0.2502767105801962,0.39505983371385484
CUST_0718,-0.4541345204609332,1.2069328629909855,1.378876018804298
CUST_0719,0.3579663678385868,1.2069328629909855,0.8355272810056268
CUST_0720,-0.36233181134881354,-0.22805136562519845,-0.7159408078465129
CUST_0721,1.5796485737152561,-0.22805136562519845,-0.47974617194156494
CUST_0723,2.5753548802390154,-1.6630355942413824,-1.497652685961225
CUST_0724,-0.7648513820711844,-0.7063794418305931,-0.7454188830037497
CUST_0725,-0.37645530505837044,-0.7063794418305931,0.12061223254872039
CUST_0726,-1.0049507751336513,0.7286047867855909,0.1631900411084483
CUST_0727,-0.7789748757807412,-0.7063794418305931,-0.48397267726641
CUST_0728,-0.009244468609891792,0.2502767105801962,0.3443726905190978
CUST_0729,3.761728351841793,-1.6630355942413824,-1.550119036842502
CUST_0730,0.46389257066026335,1.2069328629909855,2.04414306245886
CUST_0731,0.7393006979966223,-0.7063794418305931,-0.7906700651642491
CUST_0732,-0.2281586211080233,-0.7063794418305931,-0.4656539346501261
CUST_0733,-0.3905787987679273,0.7286047867855909,-0.45791057948793684
CUST_0734,3.069677160073506,-1.6630355942413824,-1.3748239934942266
CUST_0735,-0.09398543086723302,-1.1847075180359878,-1.1252117999077422
CUST_0736,1.6361425485534837,-1.1847075180359878,-1.054522509900994
CUST_0737,1.6714512828273758,0.2502767105801962,1.4738466782126691
CUST_0738,-0.12223241828634676,-0.7063794418305931,-1.2931492365409631
CUST_0739,-0.6801104198138431,-0.7063794418305931,-0.7815195645497008
CUST_0740,-0.8849010786024177,-0.22805136562519845,-0.23877758219284256
CUST_0741,-0.46825801417049007,-0.22805136562519845,-0.3374450397943168
CUST_0742,-0.4965050015896038,-0.22805136562519845,0.7286911818462395
CUST_0743,-0.46825801417049007,1.2069328629909855,1.9985299559997354
CUST_0744,0.3226576335646947,-0.7063794418305931,-0.011243784616066982
CUST_0745,-0.4753197610252685,-0.7063794418305931,-0.1977001880924025
CUST_0746,-0.7719131289259628,0.7286047867855909,0.56159113868827
CUST_0747,-0.9555185471502021,-0.22805136562519845,-0.5034679273016152
CUST_0748,0.7393006979966223,-0.22805136562519845,-0.4536247672402078
CUST_0749,-0.969642040859759,-0.22805136562519845,-0.6100444953112877
CUST_0750,2.1869588032262017,-0.7063794418305931,0.8239421551721733
CUST_0751,1.5090311051674719,-1.1847075180359878,-1.5464354179655952
CUST_0752,0.45683082380548495,-0.22805136562519845,0.5749853791180739
CUST_0753,1.2336229778311127,-1.6630355942413824,-1.175588215378329
CUST_0754,-0.7719131289259628,-0.7063794418305931,-0.8869165837597914
CUST_0755,1.96804465072807,-1.6630355942413824,-1.0175910245378899
CUST_0756,-0.29877608965580765,-0.7063794418305931,0.4273349652853987
CUST_0757,-0.2917143428010292,0.7286047867855909,-0.23585430848111524
CUST_0758,0.6263127483201674,-1.1847075180359878,-0.5944705987413021
CUST_0759,0.31559588670991623,0.7286047867855909,-0.4880390032097905
CUST_0760,0.18142269646912595,-0.7063794418305931,-0.8447498684860373
CUST_0761,-0.06573844344811927,2.163589015401775,2.330012568695322
CUST_0762,0.5768805203367183,-0.7063794418305931,0.15484956154320473
CUST_0763,-0.4047022924774842,0.7286047867855909,-0.6306163941003873
CUST_0764,1.2406847246858912,0.2502767105801962,-0.6196466409539526
CUST_0765,0.08255824050222786,0.7286047867855909,1.3003475701445484
CUST_0766,-0.16460289941501738,-0.7063794418305931,-1.0801354971352342
CUST_0767,1.0217705721877597,-0.7063794418305931,-1.0889702010578446
CUST_0768,-0.4541345204609332,0.2502767105801962,-0.20787614088638962
CUST_0769,-0.6942339135234,-1.6630355942413824,-1.439420891140779
CUST_0770,-0.4541345204609332,-0.7063794418305931,-0.23900720643272674
CUST_0771,2.3281937403217703,-0.7063794418305931,0.018541976884678957
CUST_0772,-0.6871721666686216,-0.7063794418305931,-1.0683780263976734
CUST_0773,-0.8990245723119746,-0.7063794418305931,-1.1478751547978625
CUST_0774,-1.068506496826657,0.2502767105801962,-0.848293583852551
CUST_0775,0.6969302168679518,0.2502767105801962,-0.4604577357912885
CUST_0776,-0.21403512739846642,0.2502767105801962,0.33808463600306266
CUST_0777,1.7279452576656034,-1.6630355942413824,-1.4802210127043172
CUST_0778,-0.13635591199590363,-0.7063794418305931,-0.6718068261820508
CUST_0779,-0.8919628254571962,0.7286047867855909,-0.34916347948006493
CUST_0780,1.0853262938807657,1.2069328629909855,1.471146945979505
CUST_0781,-0.7224809009425137,0.2502767105801962,1.3305535490732503
CUST_0782,3.5851846804723317,-1.6630355942413824,-1.1156279025490417
CUST_0783,-0.19284988683413112,3.120245167812564,2.486895093523608
CUST_0784,0.11786697477612004,-1.6630355942413824,-0.9882675528975728
CUST_0785,0.20260793703346128,-0.7063794418305931,0.05653236961449008
CUST_0786,-0.04455320288378397,2.6419170916071697,0.3868906852591649
CUST_0787,-0.7719131289259628,-0.22805136562519845,-0.27652263688268885
CUST_0788,2.0386621192758545,-0.7063794418305931,-1.2473191782613735
CUST_0789,0.01900251880922195,-1.1847075180359878,-0.5050043314320549
CUST_0790,-0.051614949738562406,1.6852609391963802,0.7529289581250586
CUST_0791,-0.48238150788004697,1.6852609391963802,1.5915344235695
CUST_0792,0.47801606436982025,-0.7063794418305931,-1.0850397234506428
CUST_0793,-0.07986193715767614,-0.22805136562519845,-0.3187273694147018
CUST_0794,-0.807221863199855,1.6852609391963802,0.8963391804199151
CUST_0795,-1.0331977625527649,1.2069328629909855,-0.20292882834495418
CUST_0796,-0.8919628254571962,-0.22805136562519845,-0.2841027712827527
CUST_0797,-0.7366043946520706,1.6852609391963802,1.3713065292365472
CUST_0798,-0.21403512739846642,0.7286047867855909,1.1386211397172914
CUST_0799,-0.8849010786024177,0.7286047867855909,0.9175457139735512
CUST_0800,1.8479949541968368,-0.22805136562519845,-0.6247140880314864
CUST_0801,3.9594572637755894,-1.6630355942413824,-1.5081581216601232
CUST_0802,1.3748579149266815,0.7286047867855909,2.2953408291631314
CUST_0803,0.6757449763036164,-0.22805136562519845,-0.19291204113887794
CUST_0804,0.718115457432287,1.2069328629909855,2.1464601768531963
CUST_0805,-0.7366043946520706,1.6852609391963802,0.542500899177717
CUST_0806,0.01900251880922195,1.2069328629909855,1.1122133383370498
CUST_0807,-0.9131480660215315,-1.1847075180359878,-0.9876795526365006
CUST_0808,-0.1504794057054605,-0.22805136562519845,-0.9833045265560572
CUST_0809,-0.6942339135234,-0.22805136562519845,-0.49065104230057077
CUST_0810,0.5133247986437124,0.2502767105801962,-0.062384093529271004
CUST_0811,-0.92020981287631,-1.1847075180359878,-1.3788446987276963
CUST_0812,-0.5883077107017235,0.7286047867855909,1.0508261110811088
CUST_0813,-1.0049507751336513,1.6852609391963802,0.4781280499065039
CUST_0815,0.5415717860628262,0.2502767105801962,-0.3783805027972565
CUST_0816,-0.9413950534406452,2.6419170916071697,3.8079192904034413
CUST_0817,2.829577767011039,-0.7063794418305931,0.6137214170065376
CUST_0818,-0.9767037877145375,0.2502767105801962,0.34524303228484
CUST_0819,0.20260793703346128,-1.6630355942413824,-1.291032435601103
CUST_0820,-0.02336796231944866,-1.1847075180359878,-0.5969903826187074
CUST_0821,0.8522886476730773,-1.1847075180359878,-1.282486662841261
CUST_0822,0.13905221534045534,1.2069328629909855,1.251543041578776
CUST_0823,0.9017208756565264,-0.7063794418305931,-0.5523591352162178
CUST_0824,-0.8142836100546335,-0.22805136562519845,1.055028285360668
CUST_0825,-0.15754115256023893,1.2069328629909855,1.5088367489206815
CUST_0826,-0.4329492798965979,-0.22805136562519845,-0.14074222487202104
CUST_0827,1.3042404463788972,-1.1847075180359878,-0.6664468996643113
CUST_0828,-0.5247519890087176,-0.7063794418305931,-0.8568586186899111
CUST_0829,-0.8849010786024177,-1.6630355942413824,-0.9104188528154933
CUST_0830,1.6643895359725973,-0.22805136562519845,-0.9402061350065697
CUST_0831,0.5345100392080477,-0.22805136562519845,-1.0700447029997473
CUST_0832,-1.0402595094075433,-0.7063794418305931,-1.2415876964062498
CUST_0833,-0.7436661415068491,1.2069328629909855,2.9960764540829925
CUST_0834,2.208144043790537,0.7286047867855909,0.02466579684503561
CUST_0835,-0.6871721666686216,-0.22805136562519845,-0.21526720278871211
CUST_0836,-0.870777584892861,-0.22805136562519845,0.6782818180851616
CUST_0837,-0.8142836100546335,-1.1847075180359878,-0.3338339071564903
CUST_0838,3.0626154132187278,-0.7063794418305931,0.9508153770211505
CUST_0839,1.106511534445101,0.2502767105801962,0.5964032886276299
CUST_0840,1.0147088253329812,1.2069328629909855,-0.5733005617555947
CUST_0841,-1.019074268843208,0.2502767105801962,-0.4529211945140282
CUST_0842,-0.7083574072329569,0.7286047867855909,-0.6118318133462367
CUST_0843,-0.8354688506189687,0.2502767105801962,-0.5250637575798234
CUST_0844,-0.7507278883616275,-0.22805136562519845,-0.5270974274482904
CUST_0845,-0.7507278883616275,0.7286047867855909,-0.71368410339626
CUST_0846,1.0005853316234246,-0.7063794418305931,-0.3109581625168967
CUST_0847,2.335255487176549,-0.22805136562519845,-0.17464702958093342
CUST_0848,0.7393006979966223,-0.7063794418305931,-0.09077081992608653
CUST_0849,-0.7224809009425137,3.120245167812564,2.5825784498001405
CUST_0850,-0.7648513820711844,-0.7063794418305931,-0.8415118118759258
CUST_0851,-0.969642040859759,-0.22805136562519845,-0.4185094930283294
CUST_0852,-0.8919628254571962,-0.22805136562519845,-1.1547365095684432
CUST_0853,-0.8001601163450766,0.2502767105801962,-0.33318457238542704
CUST_0854,-0.5883077107017235,-1.1847075180359878,-1.5226665212053037
CUST_0855,-0.9978890282788727,-0.22805136562519845,0.9456338781688398
CUST_0856,-0.8990245723119746,-0.22805136562519845,-0.6452160350653894
CUST_0857,0.46389257066026335,1.2069328629909855,1.431355549001772
CUST_0858,-0.9837655345693158,-1.1847075180359878,-0.5380058460847339
CUST_0859,0.5345100392080477,0.2502767105801962,0.4654145718479241
CUST_0860,-0.8495923443285256,-0.22805136562519845,0.0408692592117899
CUST_0861,0.9229061162208617,-0.22805136562519845,-0.5435583933776522
CUST_0862,-1.0331977625527649,1.2069328629909855,1.2244671502467304
CUST_0863,0.49920130493415554,0.7286047867855909,0.7814789052839992
CUST_0864,0.16023745590479066,0.7286047867855909,0.8548866827046532
CUST_0865,-0.4400110267513763,-0.22805136562519845,-0.187012269553861
CUST_0866,0.2096696838882397,0.7286047867855909,0.2794650651483752
CUST_0867,-1.0614447499718787,-1.1847075180359878,-1.2589864213726665
CUST_0868,-0.8849010786024177,0.7286047867855909,1.6364571366186418
CUST_0869,-0.9413950534406452,-0.22805136562519845,-0.6161713566523052
CUST_0870,-0.8213453569094119,1.6852609391963802,0.9757379708454077
CUST_0871,0.27322540558124564,-0.22805136562519845,0.31288020757091195
CUST_0872,-0.9484568002954237,0.7286047867855909,0.6872006668727186
CUST_0873,-0.24934386167235859,1.2069328629909855,0.005825964342215291
CUST_0874,0.6969302168679518,0.2502767105801962,0.933558583152234
CUST_0875,-0.20697338054368797,-1.6630355942413824,-1.4166683224179446
CUST_0876,-0.6942339135234,0.2502767105801962,-0.4327264269268578
CUST_0877,-0.8142836100546335,-0.7063794418305931,-0.1660561430079574
CUST_0878,-0.7083574072329569,1.6852609391963802,1.617472838534437
CUST_0879,3.712296123858344,-1.1847075180359878,-0.6928060389539812
CUST_0880,-0.7719131289259628,1.2069328629909855,1.2703448568233375
CUST_0881,-0.3340848239296998,1.6852609391963802,1.6458245890536545
CUST_0882,-0.4329492798965979,-0.7063794418305931,-1.318530571948212
CUST_0883,-0.7719131289259628,-0.22805136562519845,-0.49883235627790345
CUST_0884,2.3635024745956623,-1.6630355942413824,-0.8080505418467014
CUST_0885,-0.9131480660215315,0.2502767105801962,1.8439963908350772
CUST_0886,-0.8919628254571962,0.7286047867855909,0.24823768921444844
CUST_0887,-1.0402595094075433,-1.1847075180359878,-0.9994202957804275
CUST_0888,-0.08692368401245458,-0.22805136562519845,-0.8333938599956915
CUST_0889,1.6220190548439268,0.2502767105801962,-0.7868556669189314
CUST_0890,0.9017208756565264,-0.22805136562519845,0.2485362514159756
CUST_0891,0.3367811272742515,0.2502767105801962,0.04851275570895219
CUST_0892,-0.5388754827182745,3.120245167812564,2.3184041256101366
CUST_0893,0.04018775937355726,-0.7063794418305931,-0.38313620835706674
CUST_0894,0.08255824050222786,-0.7063794418305931,-0.37253446227057896
CUST_0895,0.6121892546106105,-0.22805136562519845,-0.26860997819705296
CUST_0896,0.5698187734819399,-0.7063794418305931,-0.5703843845987424
CUST_0897,-0.9060863191667531,1.2069328629909855,-0.027108133039151237
CUST_0898,-0.18578813997935267,1.6852609391963802,-0.14178339085154018
CUST_0899,-0.418825786187041,2.163589015401775,1.4325330702142467
CUST_0900,-1.0543830031171002,-0.22805136562519845,-0.17505305389913925
CUST_0901,-1.068506496826657,-0.7063794418305931,-0.33592080118652007
CUST_0902,-0.807221863199855,0.7286047867855909,0.28493600206023095
CUST_0903,-0.7083574072329569,-1.1847075180359878,-1.3284931211991722
CUST_0904,0.1108052279213416,-0.22805136562519845,-0.9030906461134922
CUST_0905,-0.29877608965580765,-0.22805136562519845,0.6814494160432998
CUST_0906,-0.34114657078447824,-0.7063794418305931,-1.162449957820802
CUST_0907,-0.4329492798965979,2.163589015401775,1.3270138888809506
CUST_0908,-0.10810892457678989,0.7286047867855909,0.1438463532095022
CUST_0909,0.2520401650169103,1.2069328629909855,0.5704015115655944
CUST_0910,-0.7083574072329569,-0.7063794418305931,-0.536650404103607
CUST_0911,-0.256405608527137,0.2502767105801962,-0.41005496168830885
CUST_0912,1.6643895359725973,-1.6630355942413824,-1.184393012391109
CUST_0913,-0.21403512739846642,-0.22805136562519845,0.013969767958065708
CUST_0914,-0.595369457556502,-0.7063794418305931,-0.4961777378578731
CUST_0915,-0.369393558203592,0.7286047867855909,0.4020240885301233
CUST_0916,-0.04455320288378397,0.7286047867855909,0.12259622653306236
CUST_0917,-0.17872639312457425,0.2502767105801962,-0.33486442830369717
CUST_0918,2.2363910312096507,-1.1847075180359878,-0.9278667467692582
CUST_0919,1.1347585218642147,-0.7063794418305931,-0.4632710129024531
CUST_0920,0.1108052279213416,-0.7063794418305931,-1.4097730055633189
CUST_0921,0.06137299993789256,0.2502767105801962,0.8902209363241033
CUST_0922,-0.8425305974737471,0.7286047867855909,0.6404789771627618
CUST_0923,-0.9978890282788727,1.6852609391963802,1.319637020088378
CUST_0924,-0.7860366226355197,0.2502767105801962,0.010367759462221428
CUST_0925,-0.3128995833653645,0.7286047867855909,-0.1122399260100979
CUST_0926,1.1206350281546578,0.2502767105801962,0.504518109899558
CUST_0927,-0.6659869261042862,-1.1847075180359878,-0.36044345345389284
CUST_0928,3.45807323708632,-0.7063794418305931,-1.1240489787017942
CUST_0929,-0.6165546981208372,0.2502767105801962,1.1153768811209739
CUST_0930,-0.41176403933226263,1.2069328629909855,0.6056693617072856
CUST_0931,-0.757789635216406,-0.22805136562519845,-0.20414690129957186
CUST_0932,-0.1716646462697958,-1.6630355942413824,-0.31796195528175436
CUST_0933,-0.6236164449756156,-0.22805136562519845,0.25734054153197883
CUST_0934,-0.3835170519131489,2.6419170916071697,3.008434090604268
CUST_0935,-0.16460289941501738,1.2069328629909855,-0.44688151941861826
CUST_0936,1.1630055092833285,-0.22805136562519845,0.11546216129657055
CUST_0937,0.04018775937355726,0.7286047867855909,0.38933848979426655
CUST_0938,-0.7295426477972922,-0.22805136562519845,1.046821626544496
CUST_0939,1.7632539919394954,-1.1847075180359878,-1.416716984508516
CUST_0940,-0.807221863199855,0.7286047867855909,0.10727628524824696
CUST_0941,-0.870777584892861,-1.6630355942413824,-1.554768294079187
CUST_0942,0.026064265664000386,-1.1847075180359878,-1.318005933784238
CUST_0943,-0.9272715597310884,-0.7063794418305931,0.8872738384638671
CUST_0944,-0.7366043946520706,0.7286047867855909,0.522262031570966
CUST_0945,-0.8849010786024177,0.2502767105801962,0.08306841587925834
CUST_0946,-0.3905787987679273,-0.22805136562519845,0.14575177819344212
CUST_0947,-0.7083574072329569,1.2069328629909855,-0.7629843770097291
CUST_0948,-0.8284071037641902,-0.7063794418305931,-1.3175593577238893
CUST_0949,0.3579663678385868,-1.6630355942413824,-1.4485825434844166
CUST_0950,-0.31996133022014295,1.6852609391963802,2.5323434585302778
CUST_0951,0.5274482923532693,0.2502767105801962,0.5976203477886942
CUST_0952,-1.019074268843208,0.2502767105801962,0.16863816766534842
CUST_0953,1.5090311051674719,0.2502767105801962,0.2959331276326119
CUST_0954,1.057079306461652,2.6419170916071697,1.5038336777337995
CUST_0955,-0.41176403933226263,1.6852609391963802,1.1473879194718122
CUST_0956,-0.31996133022014295,1.6852609391963802,2.375838064903921
CUST_0957,1.8409332073420583,-1.6630355942413824,-1.470550435996786
CUST_0958,0.3579663678385868,-0.7063794418305931,-0.6647548782233982
CUST_0959,0.22379317759779657,0.7286047867855909,0.13122969243528843
CUST_0960,-0.2352203679628017,-0.22805136562519845,-0.285834330672255
CUST_0961,0.5839422671914968,-1.6630355942413824,-1.3937971398493418
CUST_0962,-0.26346735538191546,0.2502767105801962,1.0444336358290554
CUST_0963,-0.39764054562270573,0.2502767105801962,1.1340098997388655
CUST_0964,-0.969642040859759,0.2502767105801962,-0.23176719976988658
CUST_0965,-0.6518634323947294,0.7286047867855909,-0.10805194484028866
CUST_0966,-0.9908272814240943,-0.22805136562519845,0.5441680826765676
CUST_0967,1.8621184479063935,-1.6630355942413824,-1.3019291956116805
CUST_0968,-1.068506496826657,2.6419170916071697,0.45371438044613993
CUST_0969,-0.9908272814240943,-0.7063794418305931,-1.063703931218926
CUST_0970,-1.0120125219884295,0.7286047867855909,0.5196555683447304
CUST_0971,1.9962916381471838,-0.22805136562519845,-0.13965036921482307
CUST_0973,-0.856654091183304,2.163589015401775,2.611389448799127
CUST_0974,1.4595988771840227,-0.7063794418305931,-1.2083301988812933
CUST_0975,1.3183639400884541,0.7286047867855909,2.364259021831789
CUST_0976,0.0896199873570063,-0.22805136562519845,0.44418472104255585
CUST_0977,0.6828067231583949,-1.1847075180359878,-1.4546136013346214
CUST_0978,0.8664121413826342,-0.22805136562519845,-0.14087908700175322
CUST_0979,-1.019074268843208,-0.7063794418305931,-0.7603839965448148
CUST_0980,-0.531813735863496,-0.7063794418305931,-1.240623071840025
CUST_0981,0.23791667130735344,0.2502767105801962,1.2914824524153306
CUST_0982,0.9864618379138675,-1.6630355942413824,-0.9315554346139328
CUST_0983,-1.0614447499718787,-0.22805136562519845,-0.15155889519186616
CUST_0984,0.831103407108742,-0.22805136562519845,0.8602384988739642
CUST_0985,3.9665190106303676,-1.6630355942413824,-1.2298241429073675
CUST_0986,2.130464828387974,-0.7063794418305931,-0.45843927282612507
CUST_0987,0.7463624448514008,-0.7063794418305931,1.0857599162468978
CUST_0988,-1.0402595094075433,2.6419170916071697,1.6171078728551511
CUST_0989,0.9087826225113048,-0.7063794418305931,-0.32525974817714837
CUST_0990,-0.92020981287631,-0.22805136562519845,-0.46108578089772684
CUST_0991,-0.7436661415068491,0.7286047867855909,-0.600223370261051
CUST_0992,-0.9767037877145375,2.163589015401775,1.9522391285500464
CUST_0993,-0.9837655345693158,-0.22805136562519845,-0.14000823833923415
CUST_0994,-0.9131480660215315,1.2069328629909855,-0.5287534592180516
CUST_0995,-0.2917143428010292,0.2502767105801962,0.5509300856788982
CUST_0996,0.7675476854157361,0.2502767105801962,-0.20033250305425415
CUST_0997,0.4073985958220359,0.7286047867855909,0.15640877602859982
CUST_0998,-1.0261360156979864,-0.22805136562519845,-0.3013068478868834
CUST_0999,-0.41176403933226263,-1.1847075180359878,-0.8398684525255843
CUST_1000,0.5698187734819399,0.2502767105801962,1.6456045958525294
